id,r3,r4,flash,vl,max0,in_split_class,in_maj_class,in_uni_class
7,"[""95250987.68"","""","""","""",""881323.23"","""","""","""",""15401527.35"",""10540766.93"",""""]","[95250987.68,"""","""","""",881323.23,"""","""","""",15401527.35,10540766.93,""""]","[""95250987.68"",""881323.23"",""15401527.35"",""10540766.93""]","[""95250987.68"",""881323.23"",""15401527.35"",""10540766.93"",""122074605.19""]","[""95250987.68"","""","""","""",""881323.23"","""","""","""",""15401527.35"",""10540766.93"",""""]",True,False,False
8,"["""","""","""",""17663778.0599999987"","""","""",""24132677.6900000013"",""908086512.2999999523"",""26653628.1799999997"","""","""",""3907669.9100000001"",""105814633.6599999964"","""",""135604327.0099999905"",""3531360.8100000001"",""25088416.6900000013"",161613200]","["""","""","""",17663778.06,"""","""",24132677.69,908086512.3,26653628.18,"""","""",3907669.91,105814633.66,"""",135604327.01,3531360.81,25088416.69,161613200]","["""","""","""",""17663778.06"","""","""",""24132677.69"",""908086512.30"",""26653628.18"","""","""",""3907669.91"",""105814633.66"","""",""135604327.01"",""3531360.81"",""25088416.69"",""161613200.00""]","[""17663778.06"",""24132677.69"",""908086512.30"",""26653628.18"",""3907669.91"",""105814633.66"",""135604327.01"",""3531360.81"",""25088416.69"",""161613200.00""]","["""","""","""",""17663778.0599999987"","""","""",""24132677.6900000013"",""908086512.2999999523"",""26653628.1799999997"","""","""",""3907669.9100000001"",""105814633.6599999964"","""",""135604327.0099999905"",""3531360.8100000001"",""25088416.6900000013"",161613200]",True,False,False
10,8,13,13,9,8,True,False,False
15,"[""135088205.150000006""]",[135088205.15],"[""135088205.15""]","[""1740487431.56""]","[""135088205.150000006""]",True,False,False
18,"[""40864603.200000003"",""41567841.5799999982""]","[40864602.2,41567841.56]","[""40964502.20"",""44587844.55""]","[""-1894782.60"",""-4699378.99""]","[""40864603.200000003"",""41567841.5799999982""]",True,False,False
19,[],"[""""]",[],"[""营业收入"",""减：营业成本"",""税金及附加"",""销售费用"",""管理费用"",""研发费用"",""财务费用"",""其中：利息费用"",""利息收入"",""加：其他收益"",""投资收益（损失以“-”号填列）"",""其中：对联营企业和合营企业的投资收益"",""以摊余成本计量的金融资产终止确认收益"",""净敞口套期收益（损失以“-”号填列）"",""公允价值变动收益（损失以“-”号填列）"",""信用减值损失（损失以“-”号填列）"",""资产减值损失（损失以“-”号填列）"",""资产处置收益（损失以“-”号填列）""]",[],False,True,False
21,"[""407166999.8799999952"",""407166999.8799999952"",""452817690.4399999976""]","[407166999.88,407166999.88,452817690.44]","[""407166999.88"",""407166999.88"",""452817690.44""]","[""1807707608.38"",""1807707608.38"",""1875575636.71""]","[""407166999.8799999952"",""407166999.8799999952"",""452817690.4399999976""]",True,False,False
24,"[""股本"",""优先股"",""永续债"",""其他"",""资本公积"",""减：库存股"",""其他综合收益"",""专项储备"",""盈余公积"",""未分配利润""]","[""股本"",""其他权益工具"",""资本公积"",""减：库存股"",""其他综合收益"",""专项储备"",""盈余公积"",""未分配利润""]","[""股本"",""其他权益工具"",""资本公积"",""减：库存股"",""其他综合收益"",""专项储备"",""盈余公积"",""未分配利润""]","[""股本"",""其他权益工具"",""资本公积"",""减：库存股"",""其他综合收益"",""专项储备"",""盈余公积"",""未分配利润"",""少数股东权益""]","[""股本"",""优先股"",""永续债"",""其他"",""资本公积"",""减：库存股"",""其他综合收益"",""专项储备"",""盈余公积"",""未分配利润""]",True,False,False
32,"{""row_count"":7,""col_count"":6,""cells"":[{""text"":""类别"",""row"":0,""col"":0,""rowspan"":3,""colspan"":1},{""text"":""期末余额"",""row"":0,""col"":1,""rowspan"":1,""colspan"":4},{""text"":""账面价值"",""row"":0,""col"":5,""rowspan"":3,""colspan"":1},{""text"":""账面余额"",""row"":1,""col"":1,""rowspan"":1,""colspan"":2},{""text"":""坏账准备"",""row"":1,""col"":3,""rowspan"":1,""colspan"":2},{""text"":""单项计提坏账准备的应收账款"",""row"":3,""col"":0,""rowspan"":1,""colspan"":1},{""text"":""按组合计提坏账准备的应收账款"",""row"":4,""col"":0,""rowspan"":1,""colspan"":1},{""text"":""其中：信用风险特征组合"",""row"":5,""col"":0,""rowspan"":1,""colspan"":1},{""text"":""合计"",""row"":6,""col"":0,""rowspan"":1,""colspan"":1}]}","{""row_count"":7,""col_count"":6,""cells"":[{""text"":""类别"",""row"":0,""col"":0,""rowspan"":3,""colspan"":1},{""text"":""期末余额"",""row"":0,""col"":1,""rowspan"":1,""colspan"":5},{""text"":""账面余额"",""row"":1,""col"":1,""rowspan"":1,""colspan"":2},{""text"":""坏账准备"",""row"":1,""col"":3,""rowspan"":1,""colspan"":2},{""text"":""账面价值"",""row"":1,""col"":5,""rowspan"":2,""colspan"":1},{""text"":""单项计提坏账准备的应收账款"",""row"":3,""col"":0,""rowspan"":1,""colspan"":1},{""text"":""按组合计提坏账准备的应收账款"",""row"":4,""col"":0,""rowspan"":1,""colspan"":1},{""text"":""其中：信用风险特征组合"",""row"":5,""col"":0,""rowspan"":1,""colspan"":1},{""text"":""合计"",""row"":6,""col"":0,""rowspan"":1,""colspan"":1}]}","{""row_count"":7,""col_count"":6,""cells"":[{""text"":""类别"",""row"":0,""col"":0,""rowspan"":3,""colspan"":1},{""text"":""期末余额"",""row"":0,""col"":1,""rowspan"":1,""colspan"":5},{""text"":""账面余额"",""row"":1,""col"":1,""rowspan"":1,""colspan"":2},{""text"":""坏账准备"",""row"":1,""col"":3,""rowspan"":1,""colspan"":2},{""text"":""账面价值"",""row"":1,""col"":5,""rowspan"":2,""colspan"":1},{""text"":""单项计提坏账准备的应收账款"",""row"":3,""col"":0,""rowspan"":1,""colspan"":1},{""text"":""按组合计提坏账准备的应收账款"",""row"":4,""col"":0,""rowspan"":1,""colspan"":1},{""text"":""其中：信用风险特征组合"",""row"":5,""col"":0,""rowspan"":1,""colspan"":1},{""text"":""合计"",""row"":6,""col"":0,""rowspan"":1,""colspan"":1}]}","{""row_count"":5,""col_count"":3,""cells"":[{""text"":""项目"",""row"":0,""col"":0,""rowspan"":1,""colspan"":1},{""text"":""期末余额"",""row"":0,""col"":1,""rowspan"":1,""colspan"":1},{""text"":""期初余额"",""row"":0,""col"":2,""rowspan"":1,""colspan"":1},{""text"":""分类为以公允价值计量且变动计入当期损益的金融资产小计"",""row"":1,""col"":0,""rowspan"":1,""colspan"":1},{""text"":""821829036.23"",""row"":1,""col"":1,""rowspan"":1,""colspan"":1},{""text"":""641913021.54"",""row"":1,""col"":2,""rowspan"":1,""colspan"":1},{""text"":""理财产品"",""row"":2,""col"":0,""rowspan"":1,""colspan"":1},{""text"":""821829036.23"",""row"":2,""col"":1,""rowspan"":1,""colspan"":1},{""text"":""641913021.54"",""row"":2,""col"":2,""rowspan"":1,""colspan"":1},{""text"":""合计"",""row"":3,""col"":0,""rowspan"":1,""colspan"":1},{""text"":""821829036.23"",""row"":3,""col"":1,""rowspan"":1,""colspan"":1},{""text"":""641913021.54"",""row"":3,""col"":2,""rowspan"":1,""colspan"":1}]}","{""row_count"":7,""col_count"":6,""cells"":[{""text"":""类别"",""row"":0,""col"":0,""rowspan"":3,""colspan"":1},{""text"":""期末余额"",""row"":0,""col"":1,""rowspan"":1,""colspan"":4},{""text"":""账面价值"",""row"":0,""col"":5,""rowspan"":3,""colspan"":1},{""text"":""账面余额"",""row"":1,""col"":1,""rowspan"":1,""colspan"":2},{""text"":""坏账准备"",""row"":1,""col"":3,""rowspan"":1,""colspan"":2},{""text"":""单项计提坏账准备的应收账款"",""row"":3,""col"":0,""rowspan"":1,""colspan"":1},{""text"":""按组合计提坏账准备的应收账款"",""row"":4,""col"":0,""rowspan"":1,""colspan"":1},{""text"":""其中：信用风险特征组合"",""row"":5,""col"":0,""rowspan"":1,""colspan"":1},{""text"":""合计"",""row"":6,""col"":0,""rowspan"":1,""colspan"":1}]}",True,False,False
33,"[""7586126.4400000004"",""59.03""]","[7586126.44,59.03]","[""7586126.44"",""59.03""]","[""12851007.4499999993"",""6.42""]","[""7586126.4400000004"",""59.03""]",True,False,False
35,"[""7586126.4400000004"",""24653375.8599999994"",""24653375.8599999994"",""32239502.3000000007""]","[7586126.44,24653375.86,24653375.86,32239502.3]","[""7586126.44"",""24653375.86"",""24653375.86"",""32239502.30""]","[""单项计提坏账准备的应收账款"",""按组合计提坏账准备的应收账款"",""其中：信用风险特征组合""]","[""7586126.4400000004"",""24653375.8599999994"",""24653375.8599999994"",""32239502.3000000007""]",True,False,False
38,"[""4881245.4199999999"",""25768946.2800000012"",""25768946.2800000012""]","[4881245.42,25768946.28,25768946.28]","[""4881245.42"",""25768946.28"",""25768946.28"",""30650191.70""]","[""4881245.42"",""214430340.23"",""214430340.23""]","[""4881245.4199999999"",""25768946.2800000012"",""25768946.2800000012""]",True,False,False
41,27003325.59,-27003325.59,-27003325.59,-63245701.58,27003325.59,True,False,False
57,"[""311640136.8100000024"",""1502429632.1199998856"",""802815549.1799999475"",""33551089.5100000016"",""24711347.9100000001""]","[311640136.81,1502429632.12,802815549.18,33551089.51,24711347.91,2675147755.53]","[""311640136.81"",""1502429632.12"",""802815549.18"",""33551089.51"",""24711347.91"",""2675147755.53""]","[""房屋及建筑物"",""管网设备"",""机器设备"",""运输工具"",""办公电子及其他设备"",""合计""]","[""311640136.8100000024"",""1502429632.1199998856"",""802815549.1799999475"",""33551089.5100000016"",""24711347.9100000001""]",True,False,False
58,"["""","""",""81371.67"",""1876349.1299999999"",""1767848.1899999999""]","["""","""",81371.67,1876349.13,1767848.19]","["""","""",""81371.67"",""1876349.13"",""1767848.19"",""3725568.99""]","[""6581441.34"",""34512218.51"",""275016.57"",""1876349.13"",""403081.37""]","["""","""",""81371.67"",""1876349.1299999999"",""1767848.1899999999""]",True,False,False
106,"[""生物信息学算法原理"",""Algorithms in computational biology""]","[""中文:生物信息学算法原理"",""英文:Algorithms in computational biology""]",生物信息学算法原理 Algorithms in computational biology,中文:生物信息学算法原理 英文:Algorithms in computational biology,"[""生物信息学算法原理"",""Algorithms in computational biology""]",True,False,False
128,"[""AC≥ (220)V/(50)Hz"",""Available"","""",""(5) Year. Other parts: ≥ (2) Year""]","[""AC≥ (220)V/(50)Hz"",""Available"","""",""Compressor (5) Year. Other parts: ≥ (2) Year""]","[""AC≥(220)V/(50)Hz"",""Available"","""",""Compressor (5) Year. Other parts: ≥ (2) Year""]","[""220V/50Hz"",""Available"",""Not specified"",""(5) Year. Other parts: ≥ (2) Year""]","[""AC≥ (220)V/(50)Hz"",""Available"","""",""(5) Year. Other parts: ≥ (2) Year""]",True,False,False
187,8,2.0,2.0,8.0,8,False,True,False
208,"[""0.22"",""0.45"",8,16]","[0.22,0.45,8,16]","[""0.220"",""0.450"",8,16]","[""≤0.6"",""≥0.40"",5,6]","[""0.22"",""0.45"",8,16]",True,False,False
248,"[""Once every two years"",""Once every three years"",""Once every four years or less frequently""]","[""Once every two years"",""Once every three years"",""Once every four years or less frequently"",""Don't know/Refused""]","[""Once every two years"",""Once every three years"",""Once every four years or less frequently"",""Don't know/Refused""]","[""Once every three years"",""Once every four years or less frequently"",""Never"",""Don't know/Refused""]","[""Once every two years"",""Once every three years"",""Once every four years or less frequently""]",True,False,False
249,"[3,1,"""",""""]","[2,"""","""",""""]","[""3"",""1"","""",""""]","["""",""1Q2017"",""2Q2017"",""3Q2017"",""4Q2017"",""YTD""]","[3,1,"""",""""]",True,False,False
268,"[86,""93.7"",""86.1"",""GLM-OCR""]","[86,93.7,86.1,""GLM-OCR""]","[""86.0"",""93.7"",""86.1"",""GLM-OCR""]","[""94.6"",""93.7"",""86.1"",""UniMERNet""]","[86,""93.7"",""86.1"",""GLM-OCR""]",True,False,False
308,"[10,3,10,""9.3""]","[10,3,10,9.3]","[""10"",""3"",""10"",""9,3""]","[""10"",""3"",""10"",""9.3""]","[10,3,10,""9.3""]",True,False,False
376,"[""4–8"",""4"",""6"",""8""]","[""4–8"",4,6,8]",4–8 4 6 8,4–8,"[""4–8"",""4"",""6"",""8""]",True,False,False
394,958,938,938,362,958,True,False,False
398,"[""14.1"",18,""54.3"",""55.1""]","[14.1,18,54.3,55.1]","[""14.1"",""18.0"",""54.3"",""55.1""]","[""14.1"",""17.3"",""54.5"",""55.1""]","[""14.1"",18,""54.3"",""55.1""]",True,False,False
401,14,8,8,6,14,True,False,False
404,142.877±8.384,142.877±6.384,142.87±6.384,142.82±745.384,142.877±8.384,True,False,False
407,278.869±70.830,270.869±70.830,247.86918.830,142.82±175.54,278.869±70.830,True,False,False
408,"[""247.564±45.406"",2,3,4]","[""207.564±45.410"",2,3,4]","[""140.013±0.023"",2,3,4]","[""149403±2996"",""4"",""3"",""2""]","[""247.564±45.406"",2,3,4]",True,False,False
490,中英文,中文,中英混合,中文和英文,中英文,True,False,False
503,Iron,% Daily Value,Amount Per Serving,Iron 2%,Iron,True,False,False
580,"[""Subtotal (小计)"",1349,879,436,34,""65.16"",""32.32"",""2.52""]","[""Subtotal (小计)"",1349,879,436,34,65.16,32.32,2.52]","[""Subtotal (小计)"",""1349"",""879"",""436"",""34"",""65.16"",""32.32"",""2.52""]","[""Business Writing"",""Subtotal (小计)"",1349,879,436,34,""65.16"",""32.32"",""2.52""]","[""Subtotal (小计)"",1349,879,436,34,""65.16"",""32.32"",""2.52""]",True,False,False
607,Lambrechthos B (SA),Lambrechtbos B (SA),Lambrechbos B (SA),Lambrechbos A (SA),Lambrechthos B (SA),True,False,False
638,81.6,8163,8163,74.6,81.6,True,False,False
679,"{""row_count"":32,""col_count"":24,""cells"":[{""text"":""合金牌号"",""row"":0,""col"":0,""rowspan"":3,""colspan"":1},{""text"":""名义化学成分"",""row"":0,""col"":1,""rowspan"":3,""colspan"":1},{""text"":""化学成分(质量分数)/%"",""row"":0,""col"":2,""rowspan"":1,""colspan"":22},{""text"":""主要成分"",""row"":1,""col"":2,""rowspan"":1,""colspan"":16},{""text"":""杂质,不大于"",""row"":1,""col"":18,""rowspan"":1,""colspan"":6},{""text"":""Ti"",""row"":2,""col"":2,""rowspan"":1,""colspan"":1},{""text"":""Al"",""row"":2,""col"":3,""rowspan"":1,""colspan"":1},{""text"":""Si"",""row"":2,""col"":4,""rowspan"":1,""colspan"":1},{""text"":""V"",""row"":2,""col"":5,""rowspan"":1,""colspan"":1},{""text"":""Mo"",""row"":2,""col"":6,""rowspan"":1,""colspan"":1},{""text"":""Fe"",""row"":2,""col"":7,""rowspan"":1,""colspan"":1},{""text"":""Ni"",""row"":2,""col"":8,""rowspan"":1,""colspan"":1},{""text"":""Cu"",""row"":2,""col"":9,""rowspan"":1,""colspan"":1},{""text"":""Zr"",""row"":2,""col"":10,""rowspan"":1,""colspan"":1},{""text"":""Nb"",""row"":2,""col"":11,""rowspan"":1,""colspan"":1},{""text"":""Mo"",""row"":2,""col"":12,""rowspan"":1,""colspan"":1},{""text"":""Ru"",""row"":2,""col"":13,""rowspan"":1,""colspan"":1},{""text"":""Pd"",""row"":2,""col"":14,""rowspan"":1,""colspan"":1},{""text"":""Sn"",""row"":2,""col"":15,""rowspan"":1,""colspan"":1},{""text"":""Ta"",""row"":2,""col"":16,""rowspan"":1,""colspan"":1},{""text"":""Nd"",""row"":2,""col"":17,""rowspan"":1,""colspan"":1},{""text"":""Fe"",""row"":2,""col"":18,""rowspan"":1,""colspan"":1},{""text"":""C"",""row"":2,""col"":19,""rowspan"":1,""colspan"":1},{""text"":""N"",""row"":2,""col"":20,""rowspan"":1,""colspan"":1},{""text"":""H"",""row"":2,""col"":21,""rowspan"":1,""colspan"":1},{""text"":""O"",""row"":2,""col"":22,""rowspan"":1,""colspan"":1},{""text"":""其他元素单一总和"",""row"":2,""col"":23,""rowspan"":1,""colspan"":1}]}","{""row_count"":39,""col_count"":25,""cells"":[{""text"":""合金牌号"",""row"":0,""col"":0,""rowspan"":4,""colspan"":1},{""text"":""名义化学成分"",""row"":0,""col"":1,""rowspan"":4,""colspan"":1},{""text"":""化学成分(质量分数)/%"",""row"":0,""col"":2,""rowspan"":1,""colspan"":23},{""text"":""主要成分"",""row"":1,""col"":2,""rowspan"":1,""colspan"":16},{""text"":""杂质,不大于"",""row"":1,""col"":18,""rowspan"":1,""colspan"":7},{""text"":""Ti"",""row"":2,""col"":2,""rowspan"":2,""colspan"":1},{""text"":""Al"",""row"":2,""col"":3,""rowspan"":2,""colspan"":1},{""text"":""Si"",""row"":2,""col"":4,""rowspan"":2,""colspan"":1},{""text"":""V"",""row"":2,""col"":5,""rowspan"":2,""colspan"":1},{""text"":""Mn"",""row"":2,""col"":6,""rowspan"":2,""colspan"":1},{""text"":""Fe"",""row"":2,""col"":7,""rowspan"":2,""colspan"":1},{""text"":""Ni"",""row"":2,""col"":8,""rowspan"":2,""colspan"":1},{""text"":""Cu"",""row"":2,""col"":9,""rowspan"":2,""colspan"":1},{""text"":""Zr"",""row"":2,""col"":10,""rowspan"":2,""colspan"":1},{""text"":""Nb"",""row"":2,""col"":11,""rowspan"":2,""colspan"":1},{""text"":""Mo"",""row"":2,""col"":12,""rowspan"":2,""colspan"":1},{""text"":""Ru"",""row"":2,""col"":13,""rowspan"":2,""colspan"":1},{""text"":""Pd"",""row"":2,""col"":14,""rowspan"":2,""colspan"":1},{""text"":""Sn"",""row"":2,""col"":15,""rowspan"":2,""colspan"":1},{""text"":""Ta"",""row"":2,""col"":16,""rowspan"":2,""colspan"":1},{""text"":""Nd"",""row"":2,""col"":17,""rowspan"":2,""colspan"":1},{""text"":""Fe"",""row"":2,""col"":18,""rowspan"":2,""colspan"":1},{""text"":""C"",""row"":2,""col"":19,""rowspan"":2,""colspan"":1},{""text"":""N"",""row"":2,""col"":20,""rowspan"":2,""colspan"":1},{""text"":""H"",""row"":2,""col"":21,""rowspan"":2,""colspan"":1},{""text"":""O"",""row"":2,""col"":22,""rowspan"":2,""colspan"":1},{""text"":""其他元素"",""row"":2,""col"":23,""rowspan"":1,""colspan"":2},{""text"":""单一"",""row"":3,""col"":23,""rowspan"":1,""colspan"":1},{""text"":""总和"",""row"":3,""col"":24,""rowspan"":1,""colspan"":1}]}","{""row_count"":25,""col_count"":23,""cells"":[{""text"":""合金牌号"",""row"":0,""col"":0,""rowspan"":4,""colspan"":1},{""text"":""名义化学成分"",""row"":0,""col"":1,""rowspan"":4,""colspan"":1},{""text"":""化学成分（质量分数）/%"",""row"":0,""col"":2,""rowspan"":1,""colspan"":21},{""text"":""主要成分"",""row"":1,""col"":2,""rowspan"":1,""colspan"":14},{""text"":""杂质，不大于"",""row"":1,""col"":16,""rowspan"":1,""colspan"":7},{""text"":""Ti"",""row"":2,""col"":2,""rowspan"":1,""colspan"":1},{""text"":""Al"",""row"":2,""col"":3,""rowspan"":1,""colspan"":1},{""text"":""V"",""row"":2,""col"":4,""rowspan"":1,""colspan"":1},{""text"":""Mo"",""row"":2,""col"":5,""rowspan"":1,""colspan"":1},{""text"":""Fe"",""row"":2,""col"":6,""rowspan"":1,""colspan"":1},{""text"":""Ni"",""row"":2,""col"":7,""rowspan"":1,""colspan"":1},{""text"":""Cu"",""row"":2,""col"":8,""rowspan"":1,""colspan"":1},{""text"":""Zr"",""row"":2,""col"":9,""rowspan"":1,""colspan"":1},{""text"":""Nb"",""row"":2,""col"":10,""rowspan"":1,""colspan"":1},{""text"":""Mo"",""row"":2,""col"":11,""rowspan"":1,""colspan"":1},{""text"":""Pd"",""row"":2,""col"":12,""rowspan"":1,""colspan"":1},{""text"":""Sn"",""row"":2,""col"":13,""rowspan"":1,""colspan"":1},{""text"":""Ta"",""row"":2,""col"":14,""rowspan"":1,""colspan"":1},{""text"":""Nd"",""row"":2,""col"":15,""rowspan"":1,""colspan"":1},{""text"":""Fe"",""row"":2,""col"":16,""rowspan"":1,""colspan"":1},{""text"":""C"",""row"":2,""col"":17,""rowspan"":1,""colspan"":1},{""text"":""N"",""row"":2,""col"":18,""rowspan"":1,""colspan"":1},{""text"":""H"",""row"":2,""col"":19,""rowspan"":1,""colspan"":1},{""text"":""O"",""row"":2,""col"":20,""rowspan"":1,""colspan"":1},{""text"":""其他元素"",""row"":2,""col"":21,""rowspan"":1,""colspan"":2},{""text"":""单一"",""row"":3,""col"":21,""rowspan"":1,""colspan"":1},{""text"":""总和"",""row"":3,""col"":22,""rowspan"":1,""colspan"":1}]}","{""row_count"":32,""col_count"":24,""cells"":[{""text"":""合金牌号"",""row"":0,""col"":0,""rowspan"":3,""colspan"":1},{""text"":""名义化学成分"",""row"":0,""col"":1,""rowspan"":3,""colspan"":1},{""text"":""化学成分(质量分数)/%"",""row"":0,""col"":2,""rowspan"":1,""colspan"":22},{""text"":""主要成分"",""row"":1,""col"":2,""rowspan"":1,""colspan"":16},{""text"":""杂质,不大于"",""row"":1,""col"":18,""rowspan"":1,""colspan"":6},{""text"":""Ti"",""row"":2,""col"":2,""rowspan"":1,""colspan"":1},{""text"":""Al"",""row"":2,""col"":3,""rowspan"":1,""colspan"":1},{""text"":""Si"",""row"":2,""col"":4,""rowspan"":1,""colspan"":1},{""text"":""V"",""row"":2,""col"":5,""rowspan"":1,""colspan"":1},{""text"":""Mo"",""row"":2,""col"":6,""rowspan"":1,""colspan"":1},{""text"":""Fe"",""row"":2,""col"":7,""rowspan"":1,""colspan"":1},{""text"":""Ni"",""row"":2,""col"":8,""rowspan"":1,""colspan"":1},{""text"":""Cu"",""row"":2,""col"":9,""rowspan"":1,""colspan"":1},{""text"":""Zr"",""row"":2,""col"":10,""rowspan"":1,""colspan"":1},{""text"":""Nb"",""row"":2,""col"":11,""rowspan"":1,""colspan"":1},{""text"":""Mo"",""row"":2,""col"":12,""rowspan"":1,""colspan"":1},{""text"":""Ru"",""row"":2,""col"":13,""rowspan"":1,""colspan"":1},{""text"":""Pd"",""row"":2,""col"":14,""rowspan"":1,""colspan"":1},{""text"":""Sn"",""row"":2,""col"":15,""rowspan"":1,""colspan"":1},{""text"":""Ta"",""row"":2,""col"":16,""rowspan"":1,""colspan"":1},{""text"":""Nd"",""row"":2,""col"":17,""rowspan"":1,""colspan"":1},{""text"":""Fe"",""row"":2,""col"":18,""rowspan"":1,""colspan"":1},{""text"":""C"",""row"":2,""col"":19,""rowspan"":1,""colspan"":1},{""text"":""N"",""row"":2,""col"":20,""rowspan"":1,""colspan"":1},{""text"":""H"",""row"":2,""col"":21,""rowspan"":1,""colspan"":1},{""text"":""O"",""row"":2,""col"":22,""rowspan"":1,""colspan"":1},{""text"":""其他元素单一总和"",""row"":2,""col"":23,""rowspan"":1,""colspan"":1}]}","{""row_count"":32,""col_count"":24,""cells"":[{""text"":""合金牌号"",""row"":0,""col"":0,""rowspan"":3,""colspan"":1},{""text"":""名义化学成分"",""row"":0,""col"":1,""rowspan"":3,""colspan"":1},{""text"":""化学成分(质量分数)/%"",""row"":0,""col"":2,""rowspan"":1,""colspan"":22},{""text"":""主要成分"",""row"":1,""col"":2,""rowspan"":1,""colspan"":16},{""text"":""杂质,不大于"",""row"":1,""col"":18,""rowspan"":1,""colspan"":6},{""text"":""Ti"",""row"":2,""col"":2,""rowspan"":1,""colspan"":1},{""text"":""Al"",""row"":2,""col"":3,""rowspan"":1,""colspan"":1},{""text"":""Si"",""row"":2,""col"":4,""rowspan"":1,""colspan"":1},{""text"":""V"",""row"":2,""col"":5,""rowspan"":1,""colspan"":1},{""text"":""Mo"",""row"":2,""col"":6,""rowspan"":1,""colspan"":1},{""text"":""Fe"",""row"":2,""col"":7,""rowspan"":1,""colspan"":1},{""text"":""Ni"",""row"":2,""col"":8,""rowspan"":1,""colspan"":1},{""text"":""Cu"",""row"":2,""col"":9,""rowspan"":1,""colspan"":1},{""text"":""Zr"",""row"":2,""col"":10,""rowspan"":1,""colspan"":1},{""text"":""Nb"",""row"":2,""col"":11,""rowspan"":1,""colspan"":1},{""text"":""Mo"",""row"":2,""col"":12,""rowspan"":1,""colspan"":1},{""text"":""Ru"",""row"":2,""col"":13,""rowspan"":1,""colspan"":1},{""text"":""Pd"",""row"":2,""col"":14,""rowspan"":1,""colspan"":1},{""text"":""Sn"",""row"":2,""col"":15,""rowspan"":1,""colspan"":1},{""text"":""Ta"",""row"":2,""col"":16,""rowspan"":1,""colspan"":1},{""text"":""Nd"",""row"":2,""col"":17,""rowspan"":1,""colspan"":1},{""text"":""Fe"",""row"":2,""col"":18,""rowspan"":1,""colspan"":1},{""text"":""C"",""row"":2,""col"":19,""rowspan"":1,""colspan"":1},{""text"":""N"",""row"":2,""col"":20,""rowspan"":1,""colspan"":1},{""text"":""H"",""row"":2,""col"":21,""rowspan"":1,""colspan"":1},{""text"":""O"",""row"":2,""col"":22,""rowspan"":1,""colspan"":1},{""text"":""其他元素单一总和"",""row"":2,""col"":23,""rowspan"":1,""colspan"":1}]}",False,True,False
684,1.5~2.5,4.0~6.0,0.5~1.5,0.6~1.2,1.5~2.5,True,False,False
688,杂质，不大于,"杂质,不大于",杂质-不大于,主要成分,杂质，不大于,True,False,False
689,"{""row_count"":21,""col_count"":20,""cells"":[{""text"":""合金牌号"",""row"":0,""col"":0,""rowspan"":4,""colspan"":1},{""text"":""名义化学成分"",""row"":0,""col"":1,""rowspan"":4,""colspan"":1},{""text"":""化学成分(质量分数)/%"",""row"":0,""col"":2,""rowspan"":1,""colspan"":18},{""text"":""主要成分"",""row"":1,""col"":2,""rowspan"":1,""colspan"":11},{""text"":""杂质,不大于"",""row"":1,""col"":13,""rowspan"":1,""colspan"":7},{""text"":""Ti"",""row"":2,""col"":2,""rowspan"":1,""colspan"":1},{""text"":""Al"",""row"":2,""col"":3,""rowspan"":1,""colspan"":1},{""text"":""Si"",""row"":2,""col"":4,""rowspan"":1,""colspan"":1},{""text"":""V"",""row"":2,""col"":5,""rowspan"":1,""colspan"":1},{""text"":""Cr"",""row"":2,""col"":6,""rowspan"":1,""colspan"":1},{""text"":""Fe"",""row"":2,""col"":7,""rowspan"":1,""colspan"":1},{""text"":""Zr"",""row"":2,""col"":8,""rowspan"":1,""colspan"":1},{""text"":""Nb"",""row"":2,""col"":9,""rowspan"":1,""colspan"":1},{""text"":""Mo"",""row"":2,""col"":10,""rowspan"":1,""colspan"":1},{""text"":""Pd"",""row"":2,""col"":11,""rowspan"":1,""colspan"":1},{""text"":""Sn"",""row"":2,""col"":12,""rowspan"":1,""colspan"":1},{""text"":""Fe"",""row"":2,""col"":13,""rowspan"":1,""colspan"":1},{""text"":""C"",""row"":2,""col"":14,""rowspan"":1,""colspan"":1},{""text"":""N"",""row"":2,""col"":15,""rowspan"":1,""colspan"":1},{""text"":""H"",""row"":2,""col"":16,""rowspan"":1,""colspan"":1},{""text"":""O"",""row"":2,""col"":17,""rowspan"":1,""colspan"":1},{""text"":""其他元素"",""row"":2,""col"":18,""rowspan"":1,""colspan"":2},{""text"":""单一"",""row"":3,""col"":18,""rowspan"":1,""colspan"":1},{""text"":""总和"",""row"":3,""col"":19,""rowspan"":1,""colspan"":1}]}","{""row_count"":21,""col_count"":20,""cells"":[{""text"":""合金牌号"",""row"":0,""col"":0,""rowspan"":4,""colspan"":1},{""text"":""名义化学成分"",""row"":0,""col"":1,""rowspan"":4,""colspan"":1},{""text"":""化学成分(质量分数)/%"",""row"":0,""col"":2,""rowspan"":1,""colspan"":18},{""text"":""主要成分"",""row"":1,""col"":2,""rowspan"":1,""colspan"":11},{""text"":""杂质,不大于"",""row"":1,""col"":13,""rowspan"":1,""colspan"":7},{""text"":""Ti"",""row"":2,""col"":2,""rowspan"":2,""colspan"":1},{""text"":""Al"",""row"":2,""col"":3,""rowspan"":2,""colspan"":1},{""text"":""Si"",""row"":2,""col"":4,""rowspan"":2,""colspan"":1},{""text"":""V"",""row"":2,""col"":5,""rowspan"":2,""colspan"":1},{""text"":""Cr"",""row"":2,""col"":6,""rowspan"":2,""colspan"":1},{""text"":""Fe"",""row"":2,""col"":7,""rowspan"":2,""colspan"":1},{""text"":""Zr"",""row"":2,""col"":8,""rowspan"":2,""colspan"":1},{""text"":""Nb"",""row"":2,""col"":9,""rowspan"":2,""colspan"":1},{""text"":""Mo"",""row"":2,""col"":10,""rowspan"":2,""colspan"":1},{""text"":""Pd"",""row"":2,""col"":11,""rowspan"":2,""colspan"":1},{""text"":""Sn"",""row"":2,""col"":12,""rowspan"":2,""colspan"":1},{""text"":""Fe"",""row"":2,""col"":13,""rowspan"":2,""colspan"":1},{""text"":""C"",""row"":2,""col"":14,""rowspan"":2,""colspan"":1},{""text"":""N"",""row"":2,""col"":15,""rowspan"":2,""colspan"":1},{""text"":""H"",""row"":2,""col"":16,""rowspan"":2,""colspan"":1},{""text"":""O"",""row"":2,""col"":17,""rowspan"":2,""colspan"":1},{""text"":""其他元素"",""row"":2,""col"":18,""rowspan"":1,""colspan"":2},{""text"":""单一"",""row"":3,""col"":18,""rowspan"":1,""colspan"":1},{""text"":""总和"",""row"":3,""col"":19,""rowspan"":1,""colspan"":1}]}","{""row_count"":3,""col_count"":20,""cells"":[{""text"":""合金牌号"",""row"":0,""col"":0,""rowspan"":3,""colspan"":1},{""text"":""名义化学成分"",""row"":0,""col"":1,""rowspan"":3,""colspan"":1},{""text"":""化学成分（质量分数）/%"",""row"":0,""col"":2,""rowspan"":1,""colspan"":18},{""text"":""主要成分"",""row"":1,""col"":2,""rowspan"":1,""colspan"":11},{""text"":""杂质:不大于"",""row"":1,""col"":13,""rowspan"":1,""colspan"":5},{""text"":""其他元素"",""row"":1,""col"":18,""rowspan"":1,""colspan"":2},{""text"":""Ti"",""row"":2,""col"":2,""rowspan"":1,""colspan"":1},{""text"":""Al"",""row"":2,""col"":3,""rowspan"":1,""colspan"":1},{""text"":""Si"",""row"":2,""col"":4,""rowspan"":1,""colspan"":1},{""text"":""V"",""row"":2,""col"":5,""rowspan"":1,""colspan"":1},{""text"":""Cr"",""row"":2,""col"":6,""rowspan"":1,""colspan"":1},{""text"":""Zr"",""row"":2,""col"":7,""rowspan"":1,""colspan"":1},{""text"":""Nb"",""row"":2,""col"":8,""rowspan"":1,""colspan"":1},{""text"":""Fe"",""row"":2,""col"":9,""rowspan"":1,""colspan"":1},{""text"":""Mo"",""row"":2,""col"":10,""rowspan"":1,""colspan"":1},{""text"":""Pd"",""row"":2,""col"":11,""rowspan"":1,""colspan"":1},{""text"":""Sn"",""row"":2,""col"":12,""rowspan"":1,""colspan"":1},{""text"":""Fe"",""row"":2,""col"":13,""rowspan"":1,""colspan"":1},{""text"":""C"",""row"":2,""col"":14,""rowspan"":1,""colspan"":1},{""text"":""N"",""row"":2,""col"":15,""rowspan"":1,""colspan"":1},{""text"":""H"",""row"":2,""col"":16,""rowspan"":1,""colspan"":1},{""text"":""O"",""row"":2,""col"":17,""rowspan"":1,""colspan"":1},{""text"":""单一"",""row"":2,""col"":18,""rowspan"":1,""colspan"":1},{""text"":""总和"",""row"":2,""col"":19,""rowspan"":1,""colspan"":1}]}","{""row_count"":21,""col_count"":20,""cells"":[{""text"":""合金牌号"",""row"":0,""col"":0,""rowspan"":4,""colspan"":1},{""text"":""名义化学成分"",""row"":0,""col"":1,""rowspan"":4,""colspan"":1},{""text"":""化学成分(质量分数)/%"",""row"":0,""col"":2,""rowspan"":1,""colspan"":18},{""text"":""主要成分"",""row"":1,""col"":2,""rowspan"":1,""colspan"":11},{""text"":""杂质,不大于"",""row"":1,""col"":13,""rowspan"":1,""colspan"":7},{""text"":""Ti"",""row"":2,""col"":2,""rowspan"":1,""colspan"":1},{""text"":""Al"",""row"":2,""col"":3,""rowspan"":1,""colspan"":1},{""text"":""Si"",""row"":2,""col"":4,""rowspan"":1,""colspan"":1},{""text"":""V"",""row"":2,""col"":5,""rowspan"":1,""colspan"":1},{""text"":""Cr"",""row"":2,""col"":6,""rowspan"":1,""colspan"":1},{""text"":""Fe"",""row"":2,""col"":7,""rowspan"":1,""colspan"":1},{""text"":""Zr"",""row"":2,""col"":8,""rowspan"":1,""colspan"":1},{""text"":""Nb"",""row"":2,""col"":9,""rowspan"":1,""colspan"":1},{""text"":""Mo"",""row"":2,""col"":10,""rowspan"":1,""colspan"":1},{""text"":""Pd"",""row"":2,""col"":11,""rowspan"":1,""colspan"":1},{""text"":""Sn"",""row"":2,""col"":12,""rowspan"":1,""colspan"":1},{""text"":""Fe"",""row"":2,""col"":13,""rowspan"":1,""colspan"":1},{""text"":""C"",""row"":2,""col"":14,""rowspan"":1,""colspan"":1},{""text"":""N"",""row"":2,""col"":15,""rowspan"":1,""colspan"":1},{""text"":""H"",""row"":2,""col"":16,""rowspan"":1,""colspan"":1},{""text"":""O"",""row"":2,""col"":17,""rowspan"":1,""colspan"":1},{""text"":""其他元素"",""row"":2,""col"":18,""rowspan"":1,""colspan"":2},{""text"":""单一"",""row"":3,""col"":18,""rowspan"":1,""colspan"":1},{""text"":""总和"",""row"":3,""col"":19,""rowspan"":1,""colspan"":1}]}","{""row_count"":21,""col_count"":20,""cells"":[{""text"":""合金牌号"",""row"":0,""col"":0,""rowspan"":4,""colspan"":1},{""text"":""名义化学成分"",""row"":0,""col"":1,""rowspan"":4,""colspan"":1},{""text"":""化学成分(质量分数)/%"",""row"":0,""col"":2,""rowspan"":1,""colspan"":18},{""text"":""主要成分"",""row"":1,""col"":2,""rowspan"":1,""colspan"":11},{""text"":""杂质,不大于"",""row"":1,""col"":13,""rowspan"":1,""colspan"":7},{""text"":""Ti"",""row"":2,""col"":2,""rowspan"":1,""colspan"":1},{""text"":""Al"",""row"":2,""col"":3,""rowspan"":1,""colspan"":1},{""text"":""Si"",""row"":2,""col"":4,""rowspan"":1,""colspan"":1},{""text"":""V"",""row"":2,""col"":5,""rowspan"":1,""colspan"":1},{""text"":""Cr"",""row"":2,""col"":6,""rowspan"":1,""colspan"":1},{""text"":""Fe"",""row"":2,""col"":7,""rowspan"":1,""colspan"":1},{""text"":""Zr"",""row"":2,""col"":8,""rowspan"":1,""colspan"":1},{""text"":""Nb"",""row"":2,""col"":9,""rowspan"":1,""colspan"":1},{""text"":""Mo"",""row"":2,""col"":10,""rowspan"":1,""colspan"":1},{""text"":""Pd"",""row"":2,""col"":11,""rowspan"":1,""colspan"":1},{""text"":""Sn"",""row"":2,""col"":12,""rowspan"":1,""colspan"":1},{""text"":""Fe"",""row"":2,""col"":13,""rowspan"":1,""colspan"":1},{""text"":""C"",""row"":2,""col"":14,""rowspan"":1,""colspan"":1},{""text"":""N"",""row"":2,""col"":15,""rowspan"":1,""colspan"":1},{""text"":""H"",""row"":2,""col"":16,""rowspan"":1,""colspan"":1},{""text"":""O"",""row"":2,""col"":17,""rowspan"":1,""colspan"":1},{""text"":""其他元素"",""row"":2,""col"":18,""rowspan"":1,""colspan"":2},{""text"":""单一"",""row"":3,""col"":18,""rowspan"":1,""colspan"":1},{""text"":""总和"",""row"":3,""col"":19,""rowspan"":1,""colspan"":1}]}",False,True,False
694,Ti-5Mo-5V-8Cr-5Al,Ti-5Mo-5V-8Cr-3Al,Ti-5Mo-5V-8Cr-3Al,余量,Ti-5Mo-5V-8Cr-5Al,True,False,False
695,3.0~4.5,3.0～4.5,4.5～5.5,2.5～3.5,3.0~4.5,True,False,False
699,"{""row_count"":17,""col_count"":21,""cells"":[{""text"":""合金牌号"",""row"":0,""col"":0,""rowspan"":4,""colspan"":1},{""text"":""名义化学成分"",""row"":0,""col"":1,""rowspan"":4,""colspan"":1},{""text"":""化学成分（质量分数）/%"",""row"":0,""col"":2,""rowspan"":1,""colspan"":19},{""text"":""主要成分"",""row"":1,""col"":2,""rowspan"":1,""colspan"":12},{""text"":""杂质，不大于"",""row"":1,""col"":14,""rowspan"":1,""colspan"":7},{""text"":""Ti"",""row"":2,""col"":2,""rowspan"":2,""colspan"":1},{""text"":""Al"",""row"":2,""col"":3,""rowspan"":2,""colspan"":1},{""text"":""Si"",""row"":2,""col"":4,""rowspan"":2,""colspan"":1},{""text"":""V"",""row"":2,""col"":5,""rowspan"":2,""colspan"":1},{""text"":""Cr"",""row"":2,""col"":6,""rowspan"":2,""colspan"":1},{""text"":""Mn"",""row"":2,""col"":7,""rowspan"":2,""colspan"":1},{""text"":""Fe"",""row"":2,""col"":8,""rowspan"":2,""colspan"":1},{""text"":""Zr"",""row"":2,""col"":9,""rowspan"":2,""colspan"":1},{""text"":""Nb"",""row"":2,""col"":10,""rowspan"":2,""colspan"":1},{""text"":""Mo"",""row"":2,""col"":11,""rowspan"":2,""colspan"":1},{""text"":""Pd"",""row"":2,""col"":12,""rowspan"":2,""colspan"":1},{""text"":""Sn"",""row"":2,""col"":13,""rowspan"":2,""colspan"":1},{""text"":""Fe"",""row"":2,""col"":14,""rowspan"":2,""colspan"":1},{""text"":""C"",""row"":2,""col"":15,""rowspan"":2,""colspan"":1},{""text"":""N"",""row"":2,""col"":16,""rowspan"":2,""colspan"":1},{""text"":""H"",""row"":2,""col"":17,""rowspan"":2,""colspan"":1},{""text"":""O"",""row"":2,""col"":18,""rowspan"":2,""colspan"":1},{""text"":""其他元素"",""row"":2,""col"":19,""rowspan"":1,""colspan"":2},{""text"":""单一"",""row"":3,""col"":19,""rowspan"":1,""colspan"":1},{""text"":""总和"",""row"":3,""col"":20,""rowspan"":1,""colspan"":1}]}","{""row_count"":18,""col_count"":20,""cells"":[{""text"":""合金牌号"",""row"":0,""col"":0,""rowspan"":4,""colspan"":1},{""text"":""名义化学成分"",""row"":0,""col"":1,""rowspan"":4,""colspan"":1},{""text"":""化学成分(质量分数)/%"",""row"":0,""col"":2,""rowspan"":1,""colspan"":18},{""text"":""主要成分"",""row"":1,""col"":2,""rowspan"":1,""colspan"":11},{""text"":""杂质,不大于"",""row"":1,""col"":13,""rowspan"":1,""colspan"":7},{""text"":""Ti"",""row"":2,""col"":2,""rowspan"":2,""colspan"":1},{""text"":""Al"",""row"":2,""col"":3,""rowspan"":2,""colspan"":1},{""text"":""Si"",""row"":2,""col"":4,""rowspan"":2,""colspan"":1},{""text"":""V"",""row"":2,""col"":5,""rowspan"":2,""colspan"":1},{""text"":""Cr"",""row"":2,""col"":6,""rowspan"":2,""colspan"":1},{""text"":""Fe"",""row"":2,""col"":7,""rowspan"":2,""colspan"":1},{""text"":""Zr"",""row"":2,""col"":8,""rowspan"":2,""colspan"":1},{""text"":""Nb"",""row"":2,""col"":9,""rowspan"":2,""colspan"":1},{""text"":""Mo"",""row"":2,""col"":10,""rowspan"":2,""colspan"":1},{""text"":""Pd"",""row"":2,""col"":11,""rowspan"":2,""colspan"":1},{""text"":""Sn"",""row"":2,""col"":12,""rowspan"":2,""colspan"":1},{""text"":""Fe"",""row"":2,""col"":13,""rowspan"":2,""colspan"":1},{""text"":""C"",""row"":2,""col"":14,""rowspan"":2,""colspan"":1},{""text"":""N"",""row"":2,""col"":15,""rowspan"":2,""colspan"":1},{""text"":""H"",""row"":2,""col"":16,""rowspan"":2,""colspan"":1},{""text"":""O"",""row"":2,""col"":17,""rowspan"":2,""colspan"":1},{""text"":""其他元素"",""row"":2,""col"":18,""rowspan"":1,""colspan"":2},{""text"":""单一"",""row"":3,""col"":18,""rowspan"":1,""colspan"":1},{""text"":""总和"",""row"":3,""col"":19,""rowspan"":1,""colspan"":1}]}","{""row_count"":3,""col_count"":20,""cells"":[{""text"":""合金牌号"",""row"":0,""col"":0,""rowspan"":2,""colspan"":1},{""text"":""名义化学成分"",""row"":0,""col"":1,""rowspan"":2,""colspan"":1},{""text"":""化学成分(质量分数)/%"",""row"":0,""col"":2,""rowspan"":1,""colspan"":18},{""text"":""主要成分"",""row"":1,""col"":2,""rowspan"":1,""colspan"":11},{""text"":""杂质,不大于"",""row"":1,""col"":13,""rowspan"":1,""colspan"":5},{""text"":""其他元素"",""row"":1,""col"":18,""rowspan"":1,""colspan"":2},{""text"":""Ti"",""row"":2,""col"":2,""rowspan"":1,""colspan"":1},{""text"":""Al"",""row"":2,""col"":3,""rowspan"":1,""colspan"":1},{""text"":""Si"",""row"":2,""col"":4,""rowspan"":1,""colspan"":1},{""text"":""V"",""row"":2,""col"":5,""rowspan"":1,""colspan"":1},{""text"":""Cr"",""row"":2,""col"":6,""rowspan"":1,""colspan"":1},{""text"":""Fe"",""row"":2,""col"":7,""rowspan"":1,""colspan"":1},{""text"":""Zr"",""row"":2,""col"":8,""rowspan"":1,""colspan"":1},{""text"":""Nb"",""row"":2,""col"":9,""rowspan"":1,""colspan"":1},{""text"":""Mo"",""row"":2,""col"":10,""rowspan"":1,""colspan"":1},{""text"":""Pd"",""row"":2,""col"":11,""rowspan"":1,""colspan"":1},{""text"":""Sn"",""row"":2,""col"":12,""rowspan"":1,""colspan"":1},{""text"":""Fe"",""row"":2,""col"":13,""rowspan"":1,""colspan"":1},{""text"":""C"",""row"":2,""col"":14,""rowspan"":1,""colspan"":1},{""text"":""N"",""row"":2,""col"":15,""rowspan"":1,""colspan"":1},{""text"":""H"",""row"":2,""col"":16,""rowspan"":1,""colspan"":1},{""text"":""O"",""row"":2,""col"":17,""rowspan"":1,""colspan"":1},{""text"":""单一"",""row"":2,""col"":18,""rowspan"":1,""colspan"":1},{""text"":""总和"",""row"":2,""col"":19,""rowspan"":1,""colspan"":1}]}","{""row_count"":3,""col_count"":18,""cells"":[{""text"":""合金牌号"",""row"":0,""col"":0,""rowspan"":3,""colspan"":1},{""text"":""名义化学成分"",""row"":0,""col"":1,""rowspan"":3,""colspan"":1},{""text"":""主要成分"",""row"":0,""col"":2,""rowspan"":1,""colspan"":14},{""text"":""杂质，不大于"",""row"":0,""col"":16,""rowspan"":1,""colspan"":2},{""text"":""Ti"",""row"":1,""col"":2,""rowspan"":2,""colspan"":1},{""text"":""Al"",""row"":1,""col"":3,""rowspan"":2,""colspan"":1},{""text"":""Si"",""row"":1,""col"":4,""rowspan"":2,""colspan"":1},{""text"":""V"",""row"":1,""col"":5,""rowspan"":2,""colspan"":1},{""text"":""Cr"",""row"":1,""col"":6,""rowspan"":2,""colspan"":1},{""text"":""Fe"",""row"":1,""col"":7,""rowspan"":2,""colspan"":1},{""text"":""Zr"",""row"":1,""col"":8,""rowspan"":2,""colspan"":1},{""text"":""Nb"",""row"":1,""col"":9,""rowspan"":2,""colspan"":1},{""text"":""Mo"",""row"":1,""col"":10,""rowspan"":2,""colspan"":1},{""text"":""Pd"",""row"":1,""col"":11,""rowspan"":2,""colspan"":1},{""text"":""Sn"",""row"":1,""col"":12,""rowspan"":2,""colspan"":1},{""text"":""Fe"",""row"":1,""col"":13,""rowspan"":2,""colspan"":1},{""text"":""C"",""row"":1,""col"":14,""rowspan"":2,""colspan"":1},{""text"":""N"",""row"":1,""col"":15,""rowspan"":2,""colspan"":1},{""text"":""H"",""row"":1,""col"":16,""rowspan"":2,""colspan"":1},{""text"":""O"",""row"":1,""col"":17,""rowspan"":2,""colspan"":1},{""text"":""其他元素"",""row"":2,""col"":16,""rowspan"":1,""colspan"":1},{""text"":""单一"",""row"":2,""col"":17,""rowspan"":1,""colspan"":1}]}","{""row_count"":17,""col_count"":21,""cells"":[{""text"":""合金牌号"",""row"":0,""col"":0,""rowspan"":4,""colspan"":1},{""text"":""名义化学成分"",""row"":0,""col"":1,""rowspan"":4,""colspan"":1},{""text"":""化学成分（质量分数）/%"",""row"":0,""col"":2,""rowspan"":1,""colspan"":19},{""text"":""主要成分"",""row"":1,""col"":2,""rowspan"":1,""colspan"":12},{""text"":""杂质，不大于"",""row"":1,""col"":14,""rowspan"":1,""colspan"":7},{""text"":""Ti"",""row"":2,""col"":2,""rowspan"":2,""colspan"":1},{""text"":""Al"",""row"":2,""col"":3,""rowspan"":2,""colspan"":1},{""text"":""Si"",""row"":2,""col"":4,""rowspan"":2,""colspan"":1},{""text"":""V"",""row"":2,""col"":5,""rowspan"":2,""colspan"":1},{""text"":""Cr"",""row"":2,""col"":6,""rowspan"":2,""colspan"":1},{""text"":""Mn"",""row"":2,""col"":7,""rowspan"":2,""colspan"":1},{""text"":""Fe"",""row"":2,""col"":8,""rowspan"":2,""colspan"":1},{""text"":""Zr"",""row"":2,""col"":9,""rowspan"":2,""colspan"":1},{""text"":""Nb"",""row"":2,""col"":10,""rowspan"":2,""colspan"":1},{""text"":""Mo"",""row"":2,""col"":11,""rowspan"":2,""colspan"":1},{""text"":""Pd"",""row"":2,""col"":12,""rowspan"":2,""colspan"":1},{""text"":""Sn"",""row"":2,""col"":13,""rowspan"":2,""colspan"":1},{""text"":""Fe"",""row"":2,""col"":14,""rowspan"":2,""colspan"":1},{""text"":""C"",""row"":2,""col"":15,""rowspan"":2,""colspan"":1},{""text"":""N"",""row"":2,""col"":16,""rowspan"":2,""colspan"":1},{""text"":""H"",""row"":2,""col"":17,""rowspan"":2,""colspan"":1},{""text"":""O"",""row"":2,""col"":18,""rowspan"":2,""colspan"":1},{""text"":""其他元素"",""row"":2,""col"":19,""rowspan"":1,""colspan"":2},{""text"":""单一"",""row"":3,""col"":19,""rowspan"":1,""colspan"":1},{""text"":""总和"",""row"":3,""col"":20,""rowspan"":1,""colspan"":1}]}",True,False,False
701,1.8~2.8,1.6～2.2,1.8~2.2,0.25,1.8~2.8,True,False,False
704,"[""2.5～3.5"",""2.6～3.4"",""—"",""2.5～3.5"",""3.0～4.0"",""2.5～3.5"",""—"",""—"",""3.0～4.5"",""—"",""3.5～4.5"",""2.5～3.5"",""3.5～4.5""]","[""2.5~3.5"",""2.6~3.4"",""—"",""2.5~3.5"",""3.0~4.0"",""2.5~3.5"",""—"",""—"",""3.0~4.5"",""—"",""3.5~4.5"",""2.5~3.5"",""3.5~5.5""]","[""2.5~3.5"",""2.8~3.4"",""—"",""2.5~3.5"",""3.0~4.0"",""2.5~3.5"",""余量"",""—"",""3.0~4.5"",""—"",""3.5~4.5"",""2.5~3.5"",""3.5~4.5""]","[""2.5～3.5"",""2.6～3.4"",""—"",""2.5～3.5"",""3.0～4.0"",""2.5～3.5"",""—"",""3.0～4.5"",""3.5～4.5"",""—"",""余量"",""余量"",""—"",""余量"",""余量"",""余量"",""余量"",""余量"",""余量"",""余量"",""余量"",""余量"",""余量"",""余量"",""余量"",""余量"",""余量"",""余量"",""余量"",""余量"",""余量"",""余量""]","[""2.5～3.5"",""2.6～3.4"",""—"",""2.5～3.5"",""3.0～4.0"",""2.5～3.5"",""—"",""—"",""3.0～4.5"",""—"",""3.5～4.5"",""2.5～3.5"",""3.5～4.5""]",True,False,False
705,7,8,8,2,7,True,False,False
708,Nb,Ti,Ti,Al,Nb,True,False,False
719,"{""row_count"":33,""col_count"":13,""cells"":[{""text"":"""",""row"":0,""col"":0,""rowspan"":2,""colspan"":1},{""text"":""Common Stock"",""row"":0,""col"":1,""rowspan"":1,""colspan"":4},{""text"":""Investor Rounds"",""row"":0,""col"":5,""rowspan"":1,""colspan"":6},{""text"":""Exit"",""row"":0,""col"":11,""rowspan"":1,""colspan"":2},{""text"":""Founders' Shares"",""row"":1,""col"":1,""rowspan"":1,""colspan"":2},{""text"":""Stock Options"",""row"":1,""col"":3,""rowspan"":1,""colspan"":2},{""text"":""Round 1"",""row"":1,""col"":5,""rowspan"":1,""colspan"":3},{""text"":""Round 2"",""row"":1,""col"":8,""rowspan"":1,""colspan"":3},{""text"":""$20000000"",""row"":1,""col"":11,""rowspan"":1,""colspan"":1},{""text"":""Multiple"",""row"":1,""col"":12,""rowspan"":1,""colspan"":1},{""text"":""Common"",""row"":2,""col"":0,""rowspan"":1,""colspan"":1},{""text"":""Shares"",""row"":2,""col"":1,""rowspan"":1,""colspan"":1},{""text"":""%"",""row"":2,""col"":2,""rowspan"":1,""colspan"":1},{""text"":""Shares"",""row"":2,""col"":3,""rowspan"":1,""colspan"":1},{""text"":""%"",""row"":2,""col"":4,""rowspan"":1,""colspan"":1},{""text"":""$"",""row"":2,""col"":5,""rowspan"":1,""colspan"":1},{""text"":""Shares"",""row"":2,""col"":6,""rowspan"":1,""colspan"":1},{""text"":""%"",""row"":2,""col"":7,""rowspan"":1,""colspan"":1},{""text"":""$"",""row"":2,""col"":8,""rowspan"":1,""colspan"":1},{""text"":""Shares"",""row"":2,""col"":9,""rowspan"":1,""colspan"":1},{""text"":""%"",""row"":2,""col"":10,""rowspan"":1,""colspan"":1},{""text"":"""",""row"":2,""col"":11,""rowspan"":1,""colspan"":1},{""text"":"""",""row"":2,""col"":12,""rowspan"":1,""colspan"":1}]}","{""row_count"":20,""col_count"":13,""cells"":[{""text"":""Common"",""row"":0,""col"":0,""rowspan"":3,""colspan"":1},{""text"":""Common Stock"",""row"":0,""col"":1,""rowspan"":1,""colspan"":4},{""text"":""Investor Rounds"",""row"":0,""col"":5,""rowspan"":1,""colspan"":6},{""text"":""Exit"",""row"":0,""col"":11,""rowspan"":1,""colspan"":2},{""text"":""Founders' Shares"",""row"":1,""col"":1,""rowspan"":1,""colspan"":2},{""text"":""Stock Options"",""row"":1,""col"":3,""rowspan"":1,""colspan"":2},{""text"":""Round 1"",""row"":1,""col"":5,""rowspan"":1,""colspan"":3},{""text"":""Round 2"",""row"":1,""col"":8,""rowspan"":1,""colspan"":3},{""text"":""$20000000"",""row"":1,""col"":11,""rowspan"":2,""colspan"":1},{""text"":""Multiple"",""row"":1,""col"":12,""rowspan"":2,""colspan"":1},{""text"":""Shares"",""row"":2,""col"":1,""rowspan"":1,""colspan"":1},{""text"":""%"",""row"":2,""col"":2,""rowspan"":1,""colspan"":1},{""text"":""Shares"",""row"":2,""col"":3,""rowspan"":1,""colspan"":1},{""text"":""%"",""row"":2,""col"":4,""rowspan"":1,""colspan"":1},{""text"":""$"",""row"":2,""col"":5,""rowspan"":1,""colspan"":1},{""text"":""Shares"",""row"":2,""col"":6,""rowspan"":1,""colspan"":1},{""text"":""%"",""row"":2,""col"":7,""rowspan"":1,""colspan"":1},{""text"":""$"",""row"":2,""col"":8,""rowspan"":1,""colspan"":1},{""text"":""Shares"",""row"":2,""col"":9,""rowspan"":1,""colspan"":1},{""text"":""%"",""row"":2,""col"":10,""rowspan"":1,""colspan"":1}]}","{""row_count"":25,""col_count"":13,""cells"":[{""text"":"""",""row"":0,""col"":0,""rowspan"":3,""colspan"":1},{""text"":""Common Stock"",""row"":0,""col"":1,""rowspan"":1,""colspan"":4},{""text"":""Investor Rounds"",""row"":0,""col"":5,""rowspan"":1,""colspan"":6},{""text"":""Exit"",""row"":0,""col"":11,""rowspan"":1,""colspan"":2},{""text"":""Founders' Shares"",""row"":1,""col"":1,""rowspan"":1,""colspan"":2},{""text"":""Stock Options"",""row"":1,""col"":3,""rowspan"":1,""colspan"":2},{""text"":""Round 1"",""row"":1,""col"":5,""rowspan"":1,""colspan"":3},{""text"":""Round 2"",""row"":1,""col"":8,""rowspan"":1,""colspan"":3},{""text"":""$20,000,000"",""row"":1,""col"":11,""rowspan"":1,""colspan"":1},{""text"":""Multiple"",""row"":1,""col"":12,""rowspan"":1,""colspan"":1},{""text"":""Shares"",""row"":2,""col"":1,""rowspan"":1,""colspan"":1},{""text"":""%"",""row"":2,""col"":2,""rowspan"":1,""colspan"":1},{""text"":""Shares"",""row"":2,""col"":3,""rowspan"":1,""colspan"":1},{""text"":""%"",""row"":2,""col"":4,""rowspan"":1,""colspan"":1},{""text"":""$"",""row"":2,""col"":5,""rowspan"":1,""colspan"":1},{""text"":""Shares"",""row"":2,""col"":6,""rowspan"":1,""colspan"":1},{""text"":""%"",""row"":2,""col"":7,""rowspan"":1,""colspan"":1},{""text"":""$"",""row"":2,""col"":8,""rowspan"":1,""colspan"":1},{""text"":""Shares"",""row"":2,""col"":9,""rowspan"":1,""colspan"":1},{""text"":""%"",""row"":2,""col"":10,""rowspan"":1,""colspan"":1},{""text"":"""",""row"":2,""col"":11,""rowspan"":1,""colspan"":1},{""text"":"""",""row"":2,""col"":12,""rowspan"":1,""colspan"":1}]}","{""row_count"":3,""col_count"":10,""cells"":[{""text"":""Common Stock"",""row"":0,""col"":0,""rowspan"":1,""colspan"":4},{""text"":""Investor Rounds"",""row"":0,""col"":4,""rowspan"":1,""colspan"":4},{""text"":""Exit"",""row"":0,""col"":8,""rowspan"":1,""colspan"":2},{""text"":""Founders' Shares"",""row"":1,""col"":0,""rowspan"":1,""colspan"":2},{""text"":""Stock Options"",""row"":1,""col"":2,""rowspan"":1,""colspan"":2},{""text"":""$"",""row"":1,""col"":4,""rowspan"":1,""colspan"":1},{""text"":""Round 1"",""row"":1,""col"":5,""rowspan"":1,""colspan"":2},{""text"":""$"",""row"":1,""col"":7,""rowspan"":1,""colspan"":1},{""text"":""Round 2"",""row"":1,""col"":8,""rowspan"":1,""colspan"":2},{""text"":""Shares"",""row"":2,""col"":0,""rowspan"":1,""colspan"":1},{""text"":""%"",""row"":2,""col"":1,""rowspan"":1,""colspan"":1},{""text"":""Shares"",""row"":2,""col"":2,""rowspan"":1,""colspan"":1},{""text"":""%"",""row"":2,""col"":3,""rowspan"":1,""colspan"":1},{""text"":""Shares"",""row"":2,""col"":5,""rowspan"":1,""colspan"":1},{""text"":""%"",""row"":2,""col"":6,""rowspan"":1,""colspan"":1},{""text"":""Shares"",""row"":2,""col"":8,""rowspan"":1,""colspan"":1},{""text"":""%"",""row"":2,""col"":9,""rowspan"":1,""colspan"":1}]}","{""row_count"":33,""col_count"":13,""cells"":[{""text"":"""",""row"":0,""col"":0,""rowspan"":2,""colspan"":1},{""text"":""Common Stock"",""row"":0,""col"":1,""rowspan"":1,""colspan"":4},{""text"":""Investor Rounds"",""row"":0,""col"":5,""rowspan"":1,""colspan"":6},{""text"":""Exit"",""row"":0,""col"":11,""rowspan"":1,""colspan"":2},{""text"":""Founders' Shares"",""row"":1,""col"":1,""rowspan"":1,""colspan"":2},{""text"":""Stock Options"",""row"":1,""col"":3,""rowspan"":1,""colspan"":2},{""text"":""Round 1"",""row"":1,""col"":5,""rowspan"":1,""colspan"":3},{""text"":""Round 2"",""row"":1,""col"":8,""rowspan"":1,""colspan"":3},{""text"":""$20000000"",""row"":1,""col"":11,""rowspan"":1,""colspan"":1},{""text"":""Multiple"",""row"":1,""col"":12,""rowspan"":1,""colspan"":1},{""text"":""Common"",""row"":2,""col"":0,""rowspan"":1,""colspan"":1},{""text"":""Shares"",""row"":2,""col"":1,""rowspan"":1,""colspan"":1},{""text"":""%"",""row"":2,""col"":2,""rowspan"":1,""colspan"":1},{""text"":""Shares"",""row"":2,""col"":3,""rowspan"":1,""colspan"":1},{""text"":""%"",""row"":2,""col"":4,""rowspan"":1,""colspan"":1},{""text"":""$"",""row"":2,""col"":5,""rowspan"":1,""colspan"":1},{""text"":""Shares"",""row"":2,""col"":6,""rowspan"":1,""colspan"":1},{""text"":""%"",""row"":2,""col"":7,""rowspan"":1,""colspan"":1},{""text"":""$"",""row"":2,""col"":8,""rowspan"":1,""colspan"":1},{""text"":""Shares"",""row"":2,""col"":9,""rowspan"":1,""colspan"":1},{""text"":""%"",""row"":2,""col"":10,""rowspan"":1,""colspan"":1},{""text"":"""",""row"":2,""col"":11,""rowspan"":1,""colspan"":1},{""text"":"""",""row"":2,""col"":12,""rowspan"":1,""colspan"":1}]}",True,False,False
759,"{""row_count"":40,""col_count"":4,""cells"":[{""text"":""Year Ended December 31,"",""row"":0,""col"":1,""rowspan"":1,""colspan"":3},{""text"":""2015"",""row"":1,""col"":1,""rowspan"":1,""colspan"":1},{""text"":""2016"",""row"":1,""col"":2,""rowspan"":1,""colspan"":1},{""text"":""2017"",""row"":1,""col"":3,""rowspan"":1,""colspan"":1}]}","{""row_count"":40,""col_count"":4,""cells"":[{""text"":"""",""row"":0,""col"":0,""rowspan"":1,""colspan"":1},{""text"":""Year Ended December 31,"",""row"":0,""col"":1,""rowspan"":1,""colspan"":3},{""text"":"""",""row"":1,""col"":0,""rowspan"":1,""colspan"":1},{""text"":""2015"",""row"":1,""col"":1,""rowspan"":1,""colspan"":1},{""text"":""2016"",""row"":1,""col"":2,""rowspan"":1,""colspan"":1},{""text"":""2017"",""row"":1,""col"":3,""rowspan"":1,""colspan"":1}]}","{""row_count"":2,""col_count"":4,""cells"":[{""text"":"""",""row"":0,""col"":0,""rowspan"":2,""colspan"":1},{""text"":""Year Ended December 31,"",""row"":0,""col"":1,""rowspan"":1,""colspan"":3},{""text"":""2015"",""row"":1,""col"":1,""rowspan"":1,""colspan"":1},{""text"":""2016"",""row"":1,""col"":2,""rowspan"":1,""colspan"":1},{""text"":""2017"",""row"":1,""col"":3,""rowspan"":1,""colspan"":1}]}","{""row_count"":3,""col_count"":4,""cells"":[{""text"":""Year Ended December 31,"",""row"":0,""col"":1,""rowspan"":1,""colspan"":3},{""text"":""2015"",""row"":1,""col"":1,""rowspan"":1,""colspan"":1},{""text"":""2016"",""row"":1,""col"":2,""rowspan"":1,""colspan"":1},{""text"":""2017"",""row"":1,""col"":3,""rowspan"":1,""colspan"":1},{""text"":""$"",""row"":2,""col"":1,""rowspan"":1,""colspan"":1},{""text"":""$"",""row"":2,""col"":2,""rowspan"":1,""colspan"":1},{""text"":""$"",""row"":2,""col"":3,""rowspan"":1,""colspan"":1}]}","{""row_count"":40,""col_count"":4,""cells"":[{""text"":""Year Ended December 31,"",""row"":0,""col"":1,""rowspan"":1,""colspan"":3},{""text"":""2015"",""row"":1,""col"":1,""rowspan"":1,""colspan"":1},{""text"":""2016"",""row"":1,""col"":2,""rowspan"":1,""colspan"":1},{""text"":""2017"",""row"":1,""col"":3,""rowspan"":1,""colspan"":1}]}",True,False,False
768,23765,-3789,-3789,-3779,23765,True,False,False
769,15,181210,Closing Cash Balance,1,15,True,False,False
790,表1-2 分部分项工程量清单及计价表(号清单),表1-2 分部分项工程量清单及计价表（号清单）,表1-2 分部分项工程量清单及计价表（ 号清单）,表1-2 分部分项工程量清单及计价表（号清单）,表1-2 分部分项工程量清单及计价表(号清单),True,False,False
796,12586,12786,12786,10260,12586,True,False,False
799,"{""row_count"":11,""col_count"":7,""cells"":[{""text"":""Form name"",""row"":1,""col"":0,""rowspan"":2,""colspan"":1},{""text"":""A"",""row"":1,""col"":1,""rowspan"":2,""colspan"":1},{""text"":""B"",""row"":1,""col"":2,""rowspan"":2,""colspan"":1},{""text"":""Total fields (X = A × B)"",""row"":1,""col"":3,""rowspan"":2,""colspan"":1},{""text"":""Fields with errors (Y)"",""row"":1,""col"":4,""rowspan"":2,""colspan"":1},{""text"":""Error rate* (Y/X) × 100 (%)"",""row"":1,""col"":5,""rowspan"":1,""colspan"":2},{""text"":""X/Y"",""row"":2,""col"":5,""rowspan"":1,""colspan"":1},{""text"":""%age"",""row"":2,""col"":6,""rowspan"":1,""colspan"":1}]}","{""row_count"":12,""col_count"":7,""cells"":[{""text"":""Form name"",""row"":1,""col"":0,""rowspan"":2,""colspan"":1},{""text"":""A"",""row"":1,""col"":1,""rowspan"":2,""colspan"":1},{""text"":""B"",""row"":1,""col"":2,""rowspan"":2,""colspan"":1},{""text"":""Total fields (X = A × B)"",""row"":1,""col"":3,""rowspan"":2,""colspan"":1},{""text"":""Fields with errors (Y)"",""row"":1,""col"":4,""rowspan"":2,""colspan"":1},{""text"":""Error rate* (Y/X) × 100 (%)"",""row"":1,""col"":5,""rowspan"":1,""colspan"":2},{""text"":""X/Y"",""row"":2,""col"":5,""rowspan"":1,""colspan"":1},{""text"":""%age"",""row"":2,""col"":6,""rowspan"":1,""colspan"":1}]}","{""row_count"":3,""col_count"":7,""cells"":[{""text"":""The Error Rate on Different Forms"",""row"":0,""col"":0,""rowspan"":1,""colspan"":7},{""text"":""Form name"",""row"":1,""col"":0,""rowspan"":2,""colspan"":1},{""text"":""A"",""row"":1,""col"":1,""rowspan"":2,""colspan"":1},{""text"":""B"",""row"":1,""col"":2,""rowspan"":2,""colspan"":1},{""text"":""Total fields (X = A × B)"",""row"":1,""col"":3,""rowspan"":2,""colspan"":1},{""text"":""Fields with errors (Y)"",""row"":1,""col"":4,""rowspan"":2,""colspan"":1},{""text"":""Error rate (Y/X) × 100 (%)"",""row"":1,""col"":5,""rowspan"":1,""colspan"":2},{""text"":""X/Y"",""row"":2,""col"":5,""rowspan"":1,""colspan"":1},{""text"":""%age"",""row"":2,""col"":6,""rowspan"":1,""colspan"":1}]}","{""row_count"":9,""col_count"":7,""cells"":[{""text"":""Form name"",""row"":0,""col"":0,""rowspan"":2,""colspan"":1},{""text"":""A"",""row"":0,""col"":1,""rowspan"":2,""colspan"":1},{""text"":""B"",""row"":0,""col"":2,""rowspan"":2,""colspan"":1},{""text"":""Total fields (X = A × B)"",""row"":0,""col"":3,""rowspan"":2,""colspan"":1},{""text"":""Fields with errors (Y)"",""row"":0,""col"":4,""rowspan"":2,""colspan"":1},{""text"":""Error rate* (Y/X) × 100 (%)"",""row"":0,""col"":5,""rowspan"":1,""colspan"":2},{""text"":""X/Y"",""row"":1,""col"":5,""rowspan"":1,""colspan"":1},{""text"":""%age"",""row"":1,""col"":6,""rowspan"":1,""colspan"":1}]}","{""row_count"":11,""col_count"":7,""cells"":[{""text"":""Form name"",""row"":1,""col"":0,""rowspan"":2,""colspan"":1},{""text"":""A"",""row"":1,""col"":1,""rowspan"":2,""colspan"":1},{""text"":""B"",""row"":1,""col"":2,""rowspan"":2,""colspan"":1},{""text"":""Total fields (X = A × B)"",""row"":1,""col"":3,""rowspan"":2,""colspan"":1},{""text"":""Fields with errors (Y)"",""row"":1,""col"":4,""rowspan"":2,""colspan"":1},{""text"":""Error rate* (Y/X) × 100 (%)"",""row"":1,""col"":5,""rowspan"":1,""colspan"":2},{""text"":""X/Y"",""row"":2,""col"":5,""rowspan"":1,""colspan"":1},{""text"":""%age"",""row"":2,""col"":6,""rowspan"":1,""colspan"":1}]}",True,False,False
809,"{""row_count"":16,""col_count"":13,""cells"":[{""text"":"""",""row"":0,""col"":0,""rowspan"":1,""colspan"":1},{""text"":""Chemical name"",""row"":0,""col"":1,""rowspan"":1,""colspan"":1},{""text"":""International number"",""row"":0,""col"":2,""rowspan"":1,""colspan"":1},{""text"":""Vendor"",""row"":0,""col"":3,""rowspan"":1,""colspan"":1},{""text"":""Resistance index"",""row"":0,""col"":4,""rowspan"":1,""colspan"":1},{""text"":""Density g/m³"",""row"":0,""col"":5,""rowspan"":1,""colspan"":1},{""text"":""Viscosity m²/s"",""row"":0,""col"":6,""rowspan"":1,""colspan"":1},{""text"":""Freezing point °C"",""row"":0,""col"":7,""rowspan"":1,""colspan"":1},{""text"":""Packaging"",""row"":0,""col"":8,""rowspan"":1,""colspan"":1},{""text"":""Pack size"",""row"":0,""col"":9,""rowspan"":1,""colspan"":1},{""text"":""Unit"",""row"":0,""col"":10,""rowspan"":1,""colspan"":1},{""text"":""Price $"",""row"":0,""col"":11,""rowspan"":1,""colspan"":1},{""text"":""Last update"",""row"":0,""col"":12,""rowspan"":1,""colspan"":1}]}","{""row_count"":17,""col_count"":13,""cells"":[{""text"":"""",""row"":0,""col"":0,""rowspan"":1,""colspan"":1},{""text"":""Chemical name"",""row"":0,""col"":1,""rowspan"":1,""colspan"":1},{""text"":""International number"",""row"":0,""col"":2,""rowspan"":1,""colspan"":1},{""text"":""Vendor"",""row"":0,""col"":3,""rowspan"":1,""colspan"":1},{""text"":""Resistance index"",""row"":0,""col"":4,""rowspan"":1,""colspan"":1},{""text"":""Density g/m³"",""row"":0,""col"":5,""rowspan"":1,""colspan"":1},{""text"":""Viscosity m²/s"",""row"":0,""col"":6,""rowspan"":1,""colspan"":1},{""text"":""Freezing point °C"",""row"":0,""col"":7,""rowspan"":1,""colspan"":1},{""text"":""Packaging"",""row"":0,""col"":8,""rowspan"":1,""colspan"":1},{""text"":""Pack size"",""row"":0,""col"":9,""rowspan"":1,""colspan"":1},{""text"":""Unit"",""row"":0,""col"":10,""rowspan"":1,""colspan"":1},{""text"":""Price $"",""row"":0,""col"":11,""rowspan"":1,""colspan"":1},{""text"":""Last update"",""row"":0,""col"":12,""rowspan"":1,""colspan"":1},{""text"":"""",""row"":1,""col"":0,""rowspan"":1,""colspan"":1},{""text"":"""",""row"":1,""col"":1,""rowspan"":1,""colspan"":1},{""text"":"""",""row"":1,""col"":2,""rowspan"":1,""colspan"":1},{""text"":""All"",""row"":1,""col"":3,""rowspan"":1,""colspan"":1},{""text"":""< 1"",""row"":1,""col"":4,""rowspan"":1,""colspan"":1},{""text"":""All"",""row"":1,""col"":5,""rowspan"":1,""colspan"":1},{""text"":""All"",""row"":1,""col"":6,""rowspan"":1,""colspan"":1},{""text"":"""",""row"":1,""col"":7,""rowspan"":1,""colspan"":1},{""text"":""All"",""row"":1,""col"":8,""rowspan"":1,""colspan"":1},{""text"":"""",""row"":1,""col"":9,""rowspan"":1,""colspan"":1},{""text"":""All"",""row"":1,""col"":10,""rowspan"":1,""colspan"":1},{""text"":"""",""row"":1,""col"":11,""rowspan"":1,""colspan"":1},{""text"":"""",""row"":1,""col"":12,""rowspan"":1,""colspan"":1}]}","{""row_count"":2,""col_count"":13,""cells"":[{""text"":""Chemical name"",""row"":0,""col"":1,""rowspan"":1,""colspan"":1},{""text"":""International number"",""row"":0,""col"":2,""rowspan"":1,""colspan"":1},{""text"":""Vendor"",""row"":0,""col"":3,""rowspan"":1,""colspan"":1},{""text"":""Resistance index"",""row"":0,""col"":4,""rowspan"":1,""colspan"":1},{""text"":""Density"",""row"":0,""col"":5,""rowspan"":1,""colspan"":1},{""text"":""Viscosity"",""row"":0,""col"":6,""rowspan"":1,""colspan"":1},{""text"":""Freezing point"",""row"":0,""col"":7,""rowspan"":1,""colspan"":1},{""text"":""Packaging"",""row"":0,""col"":8,""rowspan"":1,""colspan"":1},{""text"":""Pack size"",""row"":0,""col"":9,""rowspan"":1,""colspan"":1},{""text"":""Unit"",""row"":0,""col"":10,""rowspan"":1,""colspan"":1},{""text"":""Price"",""row"":0,""col"":11,""rowspan"":1,""colspan"":1},{""text"":""Last update"",""row"":0,""col"":12,""rowspan"":1,""colspan"":1},{""text"":""g/m³"",""row"":1,""col"":5,""rowspan"":1,""colspan"":1},{""text"":""m²/s"",""row"":1,""col"":6,""rowspan"":1,""colspan"":1},{""text"":""°C"",""row"":1,""col"":7,""rowspan"":1,""colspan"":1},{""text"":""$"",""row"":1,""col"":11,""rowspan"":1,""colspan"":1}]}","{""row_count"":15,""col_count"":12,""cells"":[{""text"":""Chemical name"",""row"":0,""col"":0,""rowspan"":1,""colspan"":1},{""text"":""International number"",""row"":0,""col"":1,""rowspan"":1,""colspan"":1},{""text"":""Vendor"",""row"":0,""col"":2,""rowspan"":1,""colspan"":1},{""text"":""Resistance index"",""row"":0,""col"":3,""rowspan"":1,""colspan"":1},{""text"":""Density"",""row"":0,""col"":4,""rowspan"":1,""colspan"":1},{""text"":""Viscosity"",""row"":0,""col"":5,""rowspan"":1,""colspan"":1},{""text"":""Freezing point"",""row"":0,""col"":6,""rowspan"":1,""colspan"":1},{""text"":""Packaging"",""row"":0,""col"":7,""rowspan"":1,""colspan"":1},{""text"":""Pack size"",""row"":0,""col"":8,""rowspan"":1,""colspan"":1},{""text"":""Unit"",""row"":0,""col"":9,""rowspan"":1,""colspan"":1},{""text"":""Price"",""row"":0,""col"":10,""rowspan"":1,""colspan"":1},{""text"":""Last update"",""row"":0,""col"":11,""rowspan"":1,""colspan"":1}]}","{""row_count"":16,""col_count"":13,""cells"":[{""text"":"""",""row"":0,""col"":0,""rowspan"":1,""colspan"":1},{""text"":""Chemical name"",""row"":0,""col"":1,""rowspan"":1,""colspan"":1},{""text"":""International number"",""row"":0,""col"":2,""rowspan"":1,""colspan"":1},{""text"":""Vendor"",""row"":0,""col"":3,""rowspan"":1,""colspan"":1},{""text"":""Resistance index"",""row"":0,""col"":4,""rowspan"":1,""colspan"":1},{""text"":""Density g/m³"",""row"":0,""col"":5,""rowspan"":1,""colspan"":1},{""text"":""Viscosity m²/s"",""row"":0,""col"":6,""rowspan"":1,""colspan"":1},{""text"":""Freezing point °C"",""row"":0,""col"":7,""rowspan"":1,""colspan"":1},{""text"":""Packaging"",""row"":0,""col"":8,""rowspan"":1,""colspan"":1},{""text"":""Pack size"",""row"":0,""col"":9,""rowspan"":1,""colspan"":1},{""text"":""Unit"",""row"":0,""col"":10,""rowspan"":1,""colspan"":1},{""text"":""Price $"",""row"":0,""col"":11,""rowspan"":1,""colspan"":1},{""text"":""Last update"",""row"":0,""col"":12,""rowspan"":1,""colspan"":1}]}",True,False,False
859,"{""row_count"":17,""col_count"":7,""cells"":[{""text"":""1"",""row"":0,""col"":0,""rowspan"":3,""colspan"":1},{""text"":"""",""row"":0,""col"":1,""rowspan"":2,""colspan"":1},{""text"":"""",""row"":0,""col"":2,""rowspan"":1,""colspan"":2},{""text"":"""",""row"":0,""col"":4,""rowspan"":3,""colspan"":1},{""text"":"""",""row"":0,""col"":5,""rowspan"":1,""colspan"":2},{""text"":""8"",""row"":7,""col"":3,""rowspan"":2,""colspan"":1},{""text"":"""",""row"":7,""col"":4,""rowspan"":2,""colspan"":3},{""text"":""15"",""row"":13,""col"":3,""rowspan"":1,""colspan"":1},{""text"":"""",""row"":13,""col"":4,""rowspan"":1,""colspan"":1},{""text"":"""",""row"":13,""col"":5,""rowspan"":2,""colspan"":2}]}","{""row_count"":18,""col_count"":7,""cells"":[{""text"":""1"",""row"":0,""col"":0,""rowspan"":3,""colspan"":1},{""text"":"""",""row"":0,""col"":1,""rowspan"":2,""colspan"":1},{""text"":"""",""row"":0,""col"":2,""rowspan"":1,""colspan"":2},{""text"":"""",""row"":0,""col"":4,""rowspan"":3,""colspan"":1},{""text"":"""",""row"":0,""col"":5,""rowspan"":1,""colspan"":2},{""text"":""8"",""row"":8,""col"":3,""rowspan"":3,""colspan"":1},{""text"":"""",""row"":8,""col"":4,""rowspan"":3,""colspan"":3},{""text"":""15"",""row"":15,""col"":3,""rowspan"":1,""colspan"":1},{""text"":"""",""row"":15,""col"":4,""rowspan"":1,""colspan"":1},{""text"":"""",""row"":15,""col"":5,""rowspan"":2,""colspan"":2}]}","{""row_count"":18,""col_count"":8,""cells"":[{""text"":""1"",""row"":0,""col"":0,""rowspan"":2,""colspan"":1},{""text"":"""",""row"":0,""col"":1,""rowspan"":1,""colspan"":1},{""text"":""2"",""row"":0,""col"":2,""rowspan"":1,""colspan"":1},{""text"":"""",""row"":0,""col"":3,""rowspan"":1,""colspan"":1},{""text"":"""",""row"":0,""col"":4,""rowspan"":2,""colspan"":1},{""text"":"""",""row"":0,""col"":5,""rowspan"":1,""colspan"":1},{""text"":"""",""row"":0,""col"":6,""rowspan"":1,""colspan"":1},{""text"":"""",""row"":0,""col"":7,""rowspan"":1,""colspan"":1},{""text"":"""",""row"":1,""col"":1,""rowspan"":1,""colspan"":1},{""text"":""3"",""row"":1,""col"":2,""rowspan"":1,""colspan"":1},{""text"":"""",""row"":1,""col"":3,""rowspan"":1,""colspan"":1},{""text"":"""",""row"":1,""col"":5,""rowspan"":1,""colspan"":1},{""text"":"""",""row"":1,""col"":6,""rowspan"":1,""colspan"":1},{""text"":"""",""row"":1,""col"":7,""rowspan"":1,""colspan"":1},{""text"":""4"",""row"":2,""col"":0,""rowspan"":1,""colspan"":1},{""text"":"""",""row"":2,""col"":1,""rowspan"":1,""colspan"":2},{""text"":"""",""row"":2,""col"":3,""rowspan"":1,""colspan"":4},{""text"":"""",""row"":2,""col"":7,""rowspan"":2,""colspan"":1},{""text"":""5"",""row"":3,""col"":0,""rowspan"":1,""colspan"":1},{""text"":"""",""row"":3,""col"":1,""rowspan"":1,""colspan"":2},{""text"":"""",""row"":3,""col"":3,""rowspan"":2,""colspan"":1},{""text"":"""",""row"":3,""col"":4,""rowspan"":1,""colspan"":3},{""text"":""6"",""row"":4,""col"":0,""rowspan"":1,""colspan"":1},{""text"":"""",""row"":4,""col"":1,""rowspan"":1,""colspan"":2},{""text"":"""",""row"":4,""col"":4,""rowspan"":1,""colspan"":4},{""text"":""7"",""row"":5,""col"":0,""rowspan"":5,""colspan"":1},{""text"":"""",""row"":5,""col"":1,""rowspan"":3,""colspan"":2},{""text"":"""",""row"":5,""col"":3,""rowspan"":3,""colspan"":5},{""text"":""9"",""row"":8,""col"":1,""rowspan"":1,""colspan"":1},{""text"":"""",""row"":8,""col"":2,""rowspan"":1,""colspan"":1},{""text"":""8"",""row"":8,""col"":3,""rowspan"":2,""colspan"":1},{""text"":"""",""row"":8,""col"":4,""rowspan"":2,""colspan"":4},{""text"":""10"",""row"":9,""col"":1,""rowspan"":1,""colspan"":1},{""text"":"""",""row"":9,""col"":2,""rowspan"":1,""colspan"":1},{""text"":""11"",""row"":10,""col"":0,""rowspan"":1,""colspan"":1},{""text"":"""",""row"":10,""col"":1,""rowspan"":1,""colspan"":5},{""text"":"""",""row"":10,""col"":6,""rowspan"":1,""colspan"":1},{""text"":"""",""row"":10,""col"":7,""rowspan"":2,""colspan"":1},{""text"":""12"",""row"":11,""col"":0,""rowspan"":1,""colspan"":3},{""text"":"""",""row"":11,""col"":3,""rowspan"":2,""colspan"":1},{""text"":"""",""row"":11,""col"":4,""rowspan"":1,""colspan"":2},{""text"":"""",""row"":11,""col"":6,""rowspan"":1,""colspan"":1},{""text"":""13"",""row"":12,""col"":0,""rowspan"":4,""colspan"":3},{""text"":"""",""row"":12,""col"":4,""rowspan"":1,""colspan"":2},{""text"":"""",""row"":12,""col"":6,""rowspan"":1,""colspan"":1},{""text"":"""",""row"":12,""col"":7,""rowspan"":1,""colspan"":1},{""text"":""14"",""row"":13,""col"":3,""rowspan"":1,""colspan"":1},{""text"":"""",""row"":13,""col"":4,""rowspan"":1,""colspan"":4},{""text"":""15"",""row"":14,""col"":3,""rowspan"":1,""colspan"":1},{""text"":"""",""row"":14,""col"":4,""rowspan"":1,""colspan"":4},{""text"":""16"",""row"":15,""col"":3,""rowspan"":2,""colspan"":1},{""text"":"""",""row"":15,""col"":4,""rowspan"":1,""colspan"":4},{""text"":""17"",""row"":16,""col"":0,""rowspan"":1,""colspan"":1},{""text"":"""",""row"":16,""col"":1,""rowspan"":1,""colspan"":2},{""text"":"""",""row"":16,""col"":4,""rowspan"":1,""colspan"":4},{""text"":""18"",""row"":17,""col"":0,""rowspan"":1,""colspan"":1},{""text"":"""",""row"":17,""col"":1,""rowspan"":1,""colspan"":7}]}","{""row_count"":18,""col_count"":6,""cells"":[{""text"":""1"",""row"":0,""col"":0,""rowspan"":1,""colspan"":1},{""text"":"""",""row"":0,""col"":1,""rowspan"":1,""colspan"":2},{""text"":""2"",""row"":0,""col"":3,""rowspan"":1,""colspan"":2},{""text"":"""",""row"":1,""col"":0,""rowspan"":1,""colspan"":1},{""text"":""3"",""row"":1,""col"":1,""rowspan"":1,""colspan"":2},{""text"":"""",""row"":1,""col"":3,""rowspan"":1,""colspan"":2},{""text"":""4"",""row"":2,""col"":0,""rowspan"":1,""colspan"":4},{""text"":"""",""row"":2,""col"":4,""rowspan"":1,""colspan"":2},{""text"":""5"",""row"":3,""col"":0,""rowspan"":1,""colspan"":1},{""text"":"""",""row"":3,""col"":1,""rowspan"":1,""colspan"":2},{""text"":"""",""row"":3,""col"":3,""rowspan"":1,""colspan"":1},{""text"":"""",""row"":3,""col"":4,""rowspan"":1,""colspan"":2},{""text"":""6"",""row"":4,""col"":0,""rowspan"":1,""colspan"":1},{""text"":"""",""row"":4,""col"":1,""rowspan"":1,""colspan"":2},{""text"":"""",""row"":4,""col"":3,""rowspan"":1,""colspan"":1},{""text"":"""",""row"":4,""col"":4,""rowspan"":1,""colspan"":2},{""text"":""7"",""row"":5,""col"":0,""rowspan"":3,""colspan"":2},{""text"":""9"",""row"":5,""col"":2,""rowspan"":1,""colspan"":1},{""text"":""8"",""row"":5,""col"":3,""rowspan"":2,""colspan"":3},{""text"":""10"",""row"":6,""col"":2,""rowspan"":1,""colspan"":1},{""text"":""11"",""row"":7,""col"":0,""rowspan"":1,""colspan"":1},{""text"":""12"",""row"":7,""col"":1,""rowspan"":1,""colspan"":2},{""text"":"""",""row"":7,""col"":3,""rowspan"":1,""colspan"":1},{""text"":"""",""row"":7,""col"":4,""rowspan"":1,""colspan"":2},{""text"":""13"",""row"":8,""col"":0,""rowspan"":5,""colspan"":3},{""text"":"""",""row"":8,""col"":3,""rowspan"":1,""colspan"":1},{""text"":"""",""row"":8,""col"":4,""rowspan"":1,""colspan"":2},{""text"":""14"",""row"":9,""col"":3,""rowspan"":1,""colspan"":1},{""text"":"""",""row"":9,""col"":4,""rowspan"":1,""colspan"":2},{""text"":""15"",""row"":10,""col"":3,""rowspan"":1,""colspan"":1},{""text"":"""",""row"":10,""col"":4,""rowspan"":1,""colspan"":2},{""text"":""16"",""row"":11,""col"":3,""rowspan"":2,""colspan"":2},{""text"":"""",""row"":11,""col"":5,""rowspan"":1,""colspan"":1},{""text"":""17"",""row"":12,""col"":0,""rowspan"":1,""colspan"":1},{""text"":"""",""row"":12,""col"":1,""rowspan"":1,""colspan"":2},{""text"":"""",""row"":12,""col"":3,""rowspan"":1,""colspan"":2},{""text"":""18"",""row"":13,""col"":0,""rowspan"":1,""colspan"":6}]}","{""row_count"":17,""col_count"":7,""cells"":[{""text"":""1"",""row"":0,""col"":0,""rowspan"":3,""colspan"":1},{""text"":"""",""row"":0,""col"":1,""rowspan"":2,""colspan"":1},{""text"":"""",""row"":0,""col"":2,""rowspan"":1,""colspan"":2},{""text"":"""",""row"":0,""col"":4,""rowspan"":3,""colspan"":1},{""text"":"""",""row"":0,""col"":5,""rowspan"":1,""colspan"":2},{""text"":""8"",""row"":7,""col"":3,""rowspan"":2,""colspan"":1},{""text"":"""",""row"":7,""col"":4,""rowspan"":2,""colspan"":3},{""text"":""15"",""row"":13,""col"":3,""rowspan"":1,""colspan"":1},{""text"":"""",""row"":13,""col"":4,""rowspan"":1,""colspan"":1},{""text"":"""",""row"":13,""col"":5,""rowspan"":2,""colspan"":2}]}",True,False,False
861,10,9,3,2,10,True,False,False
889,,"{""row_count"":11,""col_count"":13,""cells"":[{""text"":""FUNNEL MANAGEMENT PLAN BASED ON INDIVIDUAL CONVERSION RATES"",""row"":0,""col"":0,""rowspan"":1,""colspan"":13},{""text"":""Account Manager"",""row"":1,""col"":0,""rowspan"":1,""colspan"":3},{""text"":""Debajit Mukherjee"",""row"":1,""col"":3,""rowspan"":1,""colspan"":10},{""text"":"""",""row"":2,""col"":0,""rowspan"":1,""colspan"":1},{""text"":""1"",""row"":2,""col"":1,""rowspan"":1,""colspan"":1},{""text"":""2"",""row"":2,""col"":2,""rowspan"":1,""colspan"":1},{""text"":""3"",""row"":2,""col"":3,""rowspan"":1,""colspan"":1},{""text"":""4"",""row"":2,""col"":4,""rowspan"":1,""colspan"":1},{""text"":""5"",""row"":2,""col"":5,""rowspan"":1,""colspan"":1},{""text"":""6"",""row"":2,""col"":6,""rowspan"":1,""colspan"":1},{""text"":""7"",""row"":2,""col"":7,""rowspan"":1,""colspan"":1},{""text"":""8"",""row"":2,""col"":8,""rowspan"":1,""colspan"":1},{""text"":""9"",""row"":2,""col"":9,""rowspan"":1,""colspan"":1},{""text"":""10"",""row"":2,""col"":10,""rowspan"":1,""colspan"":1},{""text"":""11"",""row"":2,""col"":11,""rowspan"":1,""colspan"":1},{""text"":""12"",""row"":2,""col"":12,""rowspan"":1,""colspan"":1},{""text"":"""",""row"":3,""col"":0,""rowspan"":1,""colspan"":1},{""text"":""ANNUAL TARGET"",""row"":3,""col"":1,""rowspan"":1,""colspan"":1},{""text"":""AVG CONTRACT VALUE (CURRENT AVG VALUE)"",""row"":3,""col"":2,""rowspan"":1,""colspan"":1},{""text"":""NO. OF CONTRACTS REQUIRED"",""row"":3,""col"":3,""rowspan"":1,""colspan"":1},{""text"":""TOTAL MEETINGS TO BE DONE PER MONTH"",""row"":3,""col"":4,""rowspan"":1,""colspan"":1},{""text"":""DISCUSSION TO PROPOSAL CONVERSION RATIO (CURRENT RATIO)"",""row"":3,""col"":5,""rowspan"":1,""colspan"":1},{""text"":""# PROPOSALS TO BE GENERATED PER MONTH"",""row"":3,""col"":6,""rowspan"":1,""colspan"":1},{""text"":""PIPELINE VALUE PER MONTH"",""row"":3,""col"":7,""rowspan"":1,""colspan"":1},{""text"":""PROPOSAL TO ORDERBOOK (CURRENT RATIO)"",""row"":3,""col"":8,""rowspan"":1,""colspan"":1},{""text"":""# CONTRACTS GENERATED PER MONTH"",""row"":3,""col"":9,""rowspan"":1,""colspan"":1},{""text"":""ORDER BOOK VALUE GENERATED PER MONTH"",""row"":3,""col"":10,""rowspan"":1,""colspan"":1},{""text"":""AVG TARGET PER MONTH"",""row"":3,""col"":11,""rowspan"":1,""colspan"":1},{""text"":""SHORTFALL / SURPLUS"",""row"":3,""col"":12,""rowspan"":1,""colspan"":1},{""text"":""ANNUAL"",""row"":4,""col"":0,""rowspan"":1,""colspan"":13},{""text"":""DATA FROM"",""row"":5,""col"":0,""rowspan"":1,""colspan"":1},{""text"":""TARGET SHEET"",""row"":5,""col"":1,""rowspan"":1,""colspan"":1},{""text"":""APRIL TO JAN CONTRACT AVG"",""row"":5,""col"":2,""rowspan"":1,""colspan"":1},{""text"":""STEP 1 / STEP 2"",""row"":5,""col"":3,""rowspan"":1,""colspan"":1},{""text"":""ACCOUNT MANAGEMENT PLAN"",""row"":5,""col"":4,""rowspan"":1,""colspan"":1},{""text"":""YTD DAILY ACTIVITY REPORT (PROPOSAL / DISCUSSION %)"",""row"":5,""col"":5,""rowspan"":1,""colspan"":1},{""text"":""STEP 4 * STEP 5"",""row"":5,""col"":6,""rowspan"":1,""colspan"":1},{""text"":""STEP 6 * STEP 2"",""row"":5,""col"":7,""rowspan"":1,""colspan"":1},{""text"":""YTD DAILY ACTIVITY REPORT (PROPOSAL / BUSINESS GENERATED %)"",""row"":5,""col"":8,""rowspan"":1,""colspan"":1},{""text"":""STEP 6 * STEP 8"",""row"":5,""col"":9,""rowspan"":1,""colspan"":1},{""text"":""STEP 9 * STEP 2"",""row"":5,""col"":10,""rowspan"":1,""colspan"":1},{""text"":""STEP 1 / 12"",""row"":5,""col"":11,""rowspan"":1,""colspan"":1},{""text"":""STEP 10- STEP 11"",""row"":5,""col"":12,""rowspan"":1,""colspan"":1}]}","{""row_count"":3,""col_count"":13,""cells"":[{""text"":""FUNNEL MANAGEMENT PLAN BASED ON INDIVIDUAL CONVERSION RATES"",""row"":0,""col"":0,""rowspan"":1,""colspan"":13},{""text"":""Account Manager"",""row"":1,""col"":0,""rowspan"":1,""colspan"":2},{""text"":""Debjit Mukherjee"",""row"":1,""col"":2,""rowspan"":1,""colspan"":11},{""text"":""1"",""row"":2,""col"":0,""rowspan"":1,""colspan"":1},{""text"":""2"",""row"":2,""col"":1,""rowspan"":1,""colspan"":1},{""text"":""3"",""row"":2,""col"":2,""rowspan"":1,""colspan"":1},{""text"":""4"",""row"":2,""col"":3,""rowspan"":1,""colspan"":1},{""text"":""5"",""row"":2,""col"":4,""rowspan"":1,""colspan"":1},{""text"":""6"",""row"":2,""col"":5,""rowspan"":1,""colspan"":1},{""text"":""7"",""row"":2,""col"":6,""rowspan"":1,""colspan"":1},{""text"":""8"",""row"":2,""col"":7,""rowspan"":1,""colspan"":1},{""text"":""9"",""row"":2,""col"":8,""rowspan"":1,""colspan"":1},{""text"":""10"",""row"":2,""col"":9,""rowspan"":1,""colspan"":1},{""text"":""11"",""row"":2,""col"":10,""rowspan"":1,""colspan"":1},{""text"":""12"",""row"":2,""col"":11,""rowspan"":1,""colspan"":1}]}","{""row_count"":5,""col_count"":12,""cells"":[{""text"":""Account Manager"",""row"":0,""col"":0,""rowspan"":1,""colspan"":1},{""text"":""1"",""row"":0,""col"":1,""rowspan"":1,""colspan"":1},{""text"":""2"",""row"":0,""col"":2,""rowspan"":1,""colspan"":1},{""text"":""3"",""row"":0,""col"":3,""rowspan"":1,""colspan"":1},{""text"":""4"",""row"":0,""col"":4,""rowspan"":1,""colspan"":1},{""text"":""5"",""row"":0,""col"":5,""rowspan"":1,""colspan"":1},{""text"":""6"",""row"":0,""col"":6,""rowspan"":1,""colspan"":1},{""text"":""7"",""row"":0,""col"":7,""rowspan"":1,""colspan"":1},{""text"":""8"",""row"":0,""col"":8,""rowspan"":1,""colspan"":1},{""text"":""9"",""row"":0,""col"":9,""rowspan"":1,""colspan"":1},{""text"":""10"",""row"":0,""col"":10,""rowspan"":1,""colspan"":1},{""text"":""11"",""row"":0,""col"":11,""rowspan"":1,""colspan"":1},{""text"":""ANNUAL TARGET"",""row"":1,""col"":0,""rowspan"":1,""colspan"":1},{""text"":""AVG CONTRACT VALUE (CURRENT AVG VALUE)"",""row"":1,""col"":1,""rowspan"":1,""colspan"":1},{""text"":""NO. OF CONTRACTS REQUIRED"",""row"":1,""col"":2,""rowspan"":1,""colspan"":1},{""text"":""TOTAL MEETINGS TO BE DONE PER MONTH"",""row"":1,""col"":3,""rowspan"":1,""colspan"":1},{""text"":""DISCUSSION TO PROPOSAL CONVERSION RATIO (CURRENT RATIO)"",""row"":1,""col"":4,""rowspan"":1,""colspan"":1},{""text"":""# PROPOSALS TO BE GENERATED PER MONTH"",""row"":1,""col"":5,""rowspan"":1,""colspan"":1},{""text"":""PIPELINE VALUE PER MONTH"",""row"":1,""col"":6,""rowspan"":1,""colspan"":1},{""text"":""PROPOSAL TO ORDERBOOK (CURRENT RATIO)"",""row"":1,""col"":7,""rowspan"":1,""colspan"":1},{""text"":""# CONTRACTS GENERATED PER MONTH"",""row"":1,""col"":8,""rowspan"":1,""colspan"":1},{""text"":""ORDER BOOK VALUE GENERATED PER MONTH"",""row"":1,""col"":9,""rowspan"":1,""colspan"":1},{""text"":""AVG TARGET PER MONTH"",""row"":1,""col"":10,""rowspan"":1,""colspan"":1},{""text"":""SHORTFALL / SURPLUS"",""row"":1,""col"":11,""rowspan"":1,""colspan"":1},{""text"":""DATA FROM"",""row"":2,""col"":0,""rowspan"":1,""colspan"":1},{""text"":""TARGET SHEET"",""row"":2,""col"":1,""rowspan"":1,""colspan"":1},{""text"":""APRIL TO JAN CONTRACT AVG"",""row"":2,""col"":2,""rowspan"":1,""colspan"":1},{""text"":""STEP 1 / STEP 2"",""row"":2,""col"":3,""rowspan"":1,""colspan"":1},{""text"":""ACCOUNT MANAGEMENT PLAN"",""row"":2,""col"":4,""rowspan"":1,""colspan"":1},{""text"":""YTD DAILY ACTIVITY REPORT (PROPOSAL / DISCUSSION %)"",""row"":2,""col"":5,""rowspan"":1,""colspan"":1},{""text"":""STEP 4 * STEP 5"",""row"":2,""col"":6,""rowspan"":1,""colspan"":1},{""text"":""STEP 6 * STEP 2"",""row"":2,""col"":7,""rowspan"":1,""colspan"":1},{""text"":""YTD DAILY ACTIVITY REPORT (PROPOSAL / BUSINESS GENERATED %)"",""row"":2,""col"":8,""rowspan"":1,""colspan"":1},{""text"":""STEP 6 * STEP 8"",""row"":2,""col"":9,""rowspan"":1,""colspan"":1},{""text"":""STEP 9 * STEP 2"",""row"":2,""col"":10,""rowspan"":1,""colspan"":1},{""text"":""STEP 11 / 12"",""row"":2,""col"":11,""rowspan"":1,""colspan"":1},{""text"":""2016-17"",""row"":3,""col"":0,""rowspan"":1,""colspan"":1},{""text"":""16000000"",""row"":3,""col"":1,""rowspan"":1,""colspan"":1},{""text"":""214500"",""row"":3,""col"":2,""rowspan"":1,""colspan"":1},{""text"":""75"",""row"":3,""col"":3,""rowspan"":1,""colspan"":1},{""text"":""19"",""row"":3,""col"":4,""rowspan"":1,""colspan"":1},{""text"":""13%"",""row"":3,""col"":5,""rowspan"":1,""colspan"":1},{""text"":""2"",""row"":3,""col"":6,""rowspan"":1,""colspan"":1},{""text"":""535113"",""row"":3,""col"":7,""rowspan"":1,""colspan"":1},{""text"":""42%"",""row"":3,""col"":8,""rowspan"":1,""colspan"":1},{""text"":""1.05"",""row"":3,""col"":9,""rowspan"":1,""colspan"":1},{""text"":""224426"",""row"":3,""col"":10,""rowspan"":1,""colspan"":1},{""text"":""1333333"",""row"":3,""col"":11,""rowspan"":1,""colspan"":1},{""text"":""Rework"",""row"":4,""col"":0,""rowspan"":1,""colspan"":1},{""text"":""16000000"",""row"":4,""col"":1,""rowspan"":1,""colspan"":1},{""text"":""500000"",""row"":4,""col"":2,""rowspan"":1,""colspan"":1},{""text"":""32"",""row"":4,""col"":3,""rowspan"":1,""colspan"":1},{""text"":""30"",""row"":4,""col"":4,""rowspan"":1,""colspan"":1},{""text"":""25%"",""row"":4,""col"":5,""rowspan"":1,""colspan"":1},{""text"":""8"",""row"":4,""col"":6,""rowspan"":1,""colspan"":1},{""text"":""3750000"",""row"":4,""col"":7,""rowspan"":1,""colspan"":1},{""text"":""90%"",""row"":4,""col"":8,""rowspan"":1,""colspan"":1},{""text"":""6.75"",""row"":4,""col"":9,""rowspan"":1,""colspan"":1},{""text"":""3375000"",""row"":4,""col"":10,""rowspan"":1,""colspan"":1},{""text"":""1333333"",""row"":4,""col"":11,""rowspan"":1,""colspan"":1}]}",,True,False,False
899,"{""row_count"":5,""col_count"":3,""cells"":[{""text"":""XXX"",""row"":0,""col"":0,""rowspan"":2,""colspan"":1},{""text"":""Summary"",""row"":0,""col"":1,""rowspan"":1,""colspan"":2},{""text"":""Description"",""row"":1,""col"":1,""rowspan"":1,""colspan"":1},{""text"":""Variable Names(units)"",""row"":1,""col"":2,""rowspan"":1,""colspan"":1},{""text"":""Note: The following records relate to first pass"",""row"":2,""col"":0,""rowspan"":1,""colspan"":3}]}","{""row_count"":5,""col_count"":3,""cells"":[{""text"":""XXX"",""row"":0,""col"":0,""rowspan"":2,""colspan"":1},{""text"":""Summary"",""row"":0,""col"":1,""rowspan"":1,""colspan"":2},{""text"":""Description"",""row"":1,""col"":1,""rowspan"":1,""colspan"":1},{""text"":""Variable Names(units)"",""row"":1,""col"":2,""rowspan"":1,""colspan"":1}]}","{""row_count"":6,""col_count"":3,""cells"":[{""text"":""XXX"",""row"":0,""col"":0,""rowspan"":2,""colspan"":1},{""text"":""Summary"",""row"":0,""col"":1,""rowspan"":1,""colspan"":2},{""text"":""Description"",""row"":1,""col"":1,""rowspan"":1,""colspan"":1},{""text"":""Variable Names(units)"",""row"":1,""col"":2,""rowspan"":1,""colspan"":1},{""text"":""Note: The following records relate to first pass"",""row"":2,""col"":0,""rowspan"":1,""colspan"":3}]}","{""row_count"":5,""col_count"":3,""cells"":[{""text"":""XXX"",""row"":0,""col"":0,""rowspan"":1,""colspan"":1},{""text"":""Summary"",""row"":0,""col"":1,""rowspan"":1,""colspan"":2},{""text"":""Description"",""row"":1,""col"":1,""rowspan"":1,""colspan"":1},{""text"":""Variable Names(units)"",""row"":1,""col"":2,""rowspan"":1,""colspan"":1},{""text"":""Note: The following records relate to first pass"",""row"":2,""col"":0,""rowspan"":1,""colspan"":3}]}","{""row_count"":5,""col_count"":3,""cells"":[{""text"":""XXX"",""row"":0,""col"":0,""rowspan"":2,""colspan"":1},{""text"":""Summary"",""row"":0,""col"":1,""rowspan"":1,""colspan"":2},{""text"":""Description"",""row"":1,""col"":1,""rowspan"":1,""colspan"":1},{""text"":""Variable Names(units)"",""row"":1,""col"":2,""rowspan"":1,""colspan"":1},{""text"":""Note: The following records relate to first pass"",""row"":2,""col"":0,""rowspan"":1,""colspan"":3}]}",True,False,False
